1/9/1900,10/1/1990,M
1/14/1900,3/26/1900,F
1/14/1900,3/18/1985,M
2/8/1900,10/29/1948,F
2/8/1900,7/11/1963,M
2/16/1900,9/5/1974,F
2/18/1900,3/16/1905,M
2/18/1900,6/28/1958,F
2/24/1900,6/7/1931,M
2/24/1900,1/7/1932,M
2/25/1900,3/25/1989,F
3/1/1900,9/12/1954,F
3/3/1900,3/18/1943,F
3/6/1900,6/6/1908,M
3/6/1900,12/23/1908,F
3/8/1900,8/17/1924,M
3/15/1900,3/14/1943,F
3/20/1900,8/1/1909,M
3/22/1900,2/1/1964,F
4/7/1900,5/2/1938,M
4/8/1900,11/10/1963,M
4/9/1900,10/8/1996,M
4/13/1900,8/7/1976,M
4/18/1900,3/31/1993,M
4/24/1900,2/6/1907,M
4/27/1900,2/23/1999,F
4/29/1900,1/10/1951,F
5/3/1900,5/23/1964,M
5/19/1900,4/13/1951,M
5/24/1900,4/26/1956,M
5/25/1900,7/27/1905,M
5/30/1900,8/8/1940,M
6/7/1900,6/23/1938,F
6/15/1900,7/29/1914,M
6/21/1900,6/1/1985,F
6/29/1900,10/24/1945,F
7/18/1900,6/14/1920,M
7/19/1900,1/17/1992,M
8/3/1900,9/17/1982,F
8/7/1900,2/23/1920,F
8/23/1900,2/20/1914,M
8/25/1900,2/3/1999,F
8/27/1900,1/30/1976,F
8/28/1900,10/6/1972,F
8/29/1900,6/13/1969,M
9/1/1900,8/25/1968,F
9/5/1900,11/28/1928,F
9/6/1900,6/17/1987,M
9/12/1900,1/15/1981,M
9/14/1900,7/11/1908,M
9/22/1900,3/19/1932,F
9/23/1900,11/9/1964,F
9/30/1900,3/12/1934,M
10/8/1900,6/14/1908,M
10/11/1900,12/20/1959,M
10/12/1900,2/7/1972,M
10/19/1900,7/7/1934,F
10/22/1900,6/30/1938,M
10/22/1900,5/2/1988,M
10/26/1900,11/12/1902,M
10/27/1900,10/24/1953,F
10/29/1900,4/21/1934,M
11/5/1900,5/7/1977,M
11/6/1900,4/27/1918,M
11/14/1900,3/30/1970,F
11/19/1900,10/22/1905,M
11/22/1900,3/1/1968,F
11/30/1900,4/27/1917,M
12/4/1900,9/23/1925,M
12/4/1900,11/22/1946,F
12/6/1900,11/21/1993,M
12/12/1900,6/29/1960,F
12/13/1900,4/29/1982,M
12/18/1900,9/4/1961,M
12/20/1900,1/14/1904,F
12/20/1900,11/12/1962,F
12/22/1900,10/4/1901,M
1/4/1901,1/6/1974,F
1/5/1901,3/10/1964,F
1/8/1901,7/17/1986,F
1/9/1901,8/22/1919,F
1/16/1901,6/18/1937,F
1/18/1901,6/19/1949,F
1/27/1901,11/22/1993,M
2/10/1901,6/7/1938,F
2/17/1901,8/1/1978,M
2/20/1901,7/14/1910,F
2/22/1901,11/7/1936,F
2/22/1901,1/22/1950,F
2/23/1901,7/31/1969,F
2/25/1901,2/7/1943,F
3/5/1901,2/7/1994,F
3/6/1901,4/26/1944,F
3/18/1901,12/17/1950,M
3/30/1901,12/3/1917,M
4/2/1901,8/8/1987,M
4/5/1901,11/27/1936,F
4/12/1901,7/17/1954,F
4/13/1901,9/15/1990,M
4/24/1901,12/11/1970,M
5/2/1901,10/6/1961,M
5/5/1901,6/28/1939,M
5/5/1901,3/25/1965,M
5/10/1901,4/23/1963,M
5/11/1901,11/8/1973,M
5/21/1901,7/2/1915,M
5/23/1901,3/31/1916,F
5/24/1901,1/7/1910,F
5/25/1901,2/6/1946,M
5/29/1901,8/20/1932,M
5/30/1901,7/22/1945,M
6/2/1901,9/30/1938,M
6/15/1901,5/19/1918,M
6/17/1901,6/29/1990,M
6/27/1901,3/29/1986,F
6/28/1901,10/21/1934,F
7/3/1901,7/22/1984,M
7/5/1901,11/24/1904,M
7/10/1901,4/21/1995,F
7/13/1901,4/14/1911,F
7/20/1901,12/17/1963,M
7/26/1901,6/4/1996,F
7/28/1901,3/4/1936,F
8/17/1901,7/21/1921,F
8/26/1901,12/30/1956,F
9/14/1901,8/24/1967,F
9/15/1901,9/16/1906,M
9/27/1901,7/4/1918,F
9/29/1901,12/20/1972,M
10/1/1901,2/10/1950,M
10/11/1901,2/6/1964,F
10/12/1901,5/3/1911,F
10/15/1901,6/25/1996,M
10/21/1901,10/24/1932,M
10/30/1901,1/19/1995,M
11/14/1901,2/22/1994,M
11/16/1901,11/18/1999,M
11/17/1901,2/9/1962,M
11/20/1901,12/1/1919,F
11/20/1901,1/1/1945,F
11/28/1901,12/21/1967,F
12/1/1901,1/15/1909,F
12/1/1901,9/24/1930,M
12/8/1901,4/9/1907,F
12/11/1901,10/25/1941,M
1/10/1902,9/16/1989,F
1/13/1902,9/20/1973,F
1/16/1902,10/25/1977,F
1/25/1902,8/22/1953,M
1/27/1902,4/5/1990,M
1/29/1902,4/8/1968,M
2/8/1902,7/26/1913,F
2/8/1902,7/26/1937,M
2/13/1902,7/3/1908,M
2/16/1902,6/13/1988,F
2/25/1902,3/19/1939,F
3/3/1902,5/3/1983,M
3/21/1902,9/13/1984,M
4/1/1902,11/11/1966,F
4/25/1902,7/16/1969,F
4/28/1902,3/8/1922,F
5/2/1902,3/17/1993,M
5/17/1902,4/7/1957,F
5/21/1902,7/22/1975,M
5/25/1902,1/19/1967,F
5/30/1902,12/31/1982,M
6/4/1902,4/10/1931,M
6/10/1902,2/24/1944,F
6/11/1902,2/29/1928,M
6/17/1902,10/27/1959,M
6/17/1902,3/18/1973,M
6/24/1902,7/9/1935,F
6/25/1902,2/25/1929,F
6/26/1902,9/17/1993,M
7/3/1902,1/4/1928,F
7/4/1902,10/13/1962,F
7/6/1902,1/31/1951,M
7/16/1902,10/18/1993,F
7/18/1902,10/30/1924,F
7/19/1902,1/27/1929,M
7/27/1902,2/23/1941,F
8/2/1902,8/30/1912,F
9/3/1902,7/12/1903,M
9/3/1902,11/23/1919,M
9/4/1902,12/3/1930,F
9/7/1902,2/21/1924,M
9/8/1902,7/8/1917,M
9/11/1902,12/2/1906,M
9/14/1902,8/17/1935,M
9/18/1902,10/5/1965,F
10/5/1902,5/27/1927,F
10/8/1902,12/7/1957,F
10/9/1902,8/27/1984,M
10/11/1902,1/19/1993,M
10/16/1902,9/22/1914,F
10/19/1902,4/30/1921,F
10/23/1902,4/11/1965,F
10/25/1902,10/10/1909,F
10/28/1902,3/28/1953,M
11/3/1902,12/16/1964,M
11/3/1902,3/30/1969,F
11/14/1902,12/19/1959,M
11/19/1902,3/19/1949,M
12/5/1902,6/23/1973,F
12/8/1902,11/25/1992,F
12/10/1902,8/27/1959,F
12/19/1902,3/15/1922,F
1/11/1903,8/3/1917,M
1/24/1903,8/12/1992,F
1/29/1903,3/15/1904,F
1/29/1903,8/5/1945,F
1/30/1903,9/7/1950,F
2/4/1903,8/17/1938,F
2/5/1903,2/17/1947,M
2/14/1903,2/13/1929,F
2/19/1903,9/28/1962,F
2/20/1903,6/9/1967,F
2/23/1903,9/2/1946,F
3/2/1903,7/1/1987,F
3/2/1903,3/1/1991,F
3/4/1903,5/3/1917,F
3/17/1903,8/11/1907,M
3/22/1903,1/29/1951,F
3/25/1903,12/12/1987,M
3/26/1903,12/21/1964,F
3/29/1903,2/20/1960,M
4/16/1903,9/26/1915,M
4/18/1903,11/28/1956,F
4/19/1903,8/30/1904,M
4/22/1903,3/30/1927,M
4/27/1903,7/28/1917,F
4/30/1903,7/17/1975,F
5/9/1903,4/8/1962,M
5/13/1903,10/9/1910,M
5/21/1903,4/18/1994,F
5/22/1903,4/4/1975,F
5/23/1903,6/9/1947,M
5/27/1903,11/23/1984,F
6/2/1903,12/15/1996,M
6/6/1903,11/18/1918,F
6/6/1903,4/21/1964,F
6/10/1903,7/16/1940,F
6/13/1903,1/4/1961,F
6/15/1903,12/23/1921,F
6/25/1903,8/6/1908,M
6/26/1903,2/28/1990,F
6/27/1903,2/13/1929,F
7/6/1903,6/21/1911,F
7/18/1903,1/5/1953,M
7/19/1903,9/15/1959,F
7/21/1903,1/21/1925,M
7/23/1903,2/18/1927,F
7/27/1903,9/14/1921,F
7/27/1903,6/12/1925,M
7/29/1903,11/19/1999,F
8/15/1903,1/17/1961,M
8/17/1903,5/19/1959,M
8/25/1903,11/6/1932,M
8/26/1903,9/25/1923,M
8/30/1903,3/29/1949,F
9/5/1903,12/12/1911,M
9/7/1903,6/28/1922,M
9/16/1903,11/14/1975,F
9/30/1903,9/22/1953,F
10/19/1903,6/15/1953,M
10/24/1903,3/11/1944,F
10/29/1903,11/22/1918,M
11/24/1903,12/16/1963,F
11/25/1903,9/29/1964,M
12/5/1903,6/30/1966,F
12/14/1903,1/16/1932,F
12/19/1903,4/4/1907,M
12/20/1903,3/7/1968,M
12/20/1903,1/13/1994,F
12/23/1903,8/18/1924,F
12/23/1903,1/1/1959,M
1/7/1904,11/23/1945,F
1/7/1904,2/16/1989,M
1/15/1904,9/14/1937,M
1/22/1904,8/26/1981,M
1/23/1904,8/21/1993,F
1/30/1904,10/28/1918,M
2/1/1904,2/29/1928,F
2/1/1904,7/23/1977,F
2/9/1904,12/31/1979,F
2/13/1904,7/22/1904,F
2/18/1904,3/12/1921,M
2/18/1904,2/25/1959,M
2/22/1904,9/11/1986,F
3/1/1904,2/29/1964,M
3/11/1904,11/21/1990,M
3/17/1904,4/20/1971,F
3/28/1904,6/18/1939,F
4/3/1904,12/2/1910,F
4/8/1904,2/7/1950,M
4/20/1904,10/13/1921,F
4/20/1904,1/28/1971,F
4/27/1904,5/27/1960,M
4/30/1904,10/29/1985,M
5/3/1904,9/29/1946,F
5/6/1904,1/26/1986,F
5/10/1904,5/17/1999,F
5/12/1904,6/25/1916,M
5/23/1904,8/5/1959,F
5/28/1904,1/8/1916,F
5/30/1904,12/16/1904,M
6/4/1904,8/5/1928,F
6/5/1904,2/9/1969,M
6/8/1904,2/16/1962,F
6/11/1904,1/3/1983,M
6/15/1904,9/24/1928,F
6/21/1904,7/5/1951,F
6/24/1904,11/18/1993,F
6/27/1904,12/28/1955,F
7/3/1904,11/2/1947,M
7/3/1904,9/19/1950,F
7/3/1904,6/18/1980,F
7/9/1904,2/18/1990,M
7/12/1904,2/13/1998,M
7/23/1904,9/9/1941,F
7/24/1904,6/21/1924,M
8/6/1904,10/22/1917,M
8/10/1904,6/13/1978,M
8/16/1904,2/13/1985,F
8/21/1904,2/26/1928,M
8/26/1904,1/12/1988,M
8/28/1904,4/20/1957,F
9/2/1904,10/25/1920,M
9/2/1904,3/10/1982,M
9/4/1904,11/1/1968,F
9/5/1904,1/2/1946,M
9/11/1904,3/31/1961,M
9/16/1904,7/17/1984,F
9/17/1904,11/25/1965,M
9/21/1904,9/6/1969,F
9/24/1904,9/13/1945,M
10/4/1904,3/13/1981,F
10/5/1904,3/19/1922,F
10/13/1904,1/20/1916,F
10/19/1904,11/16/1926,M
10/19/1904,9/18/1976,F
10/23/1904,1/28/1952,M
11/1/1904,11/12/1977,M
11/8/1904,11/30/1910,F
11/9/1904,11/1/1952,F
11/16/1904,12/7/1984,M
11/18/1904,5/22/1970,F
11/25/1904,1/27/1981,F
11/27/1904,2/19/1987,F
12/2/1904,9/30/1914,F
12/10/1904,10/28/1941,F
12/11/1904,10/7/1917,F
12/22/1904,12/2/1945,M
12/28/1904,9/22/1990,F
1/2/1905,10/16/1925,F
1/4/1905,3/15/1977,M
1/10/1905,12/23/1950,M
1/14/1905,5/26/1984,F
1/16/1905,3/22/1984,M
1/16/1905,8/5/1999,M
1/18/1905,5/17/1906,M
1/21/1905,9/5/1957,M
1/21/1905,6/24/1999,M
1/26/1905,5/29/1994,M
1/27/1905,1/13/1986,F
2/1/1905,4/27/1906,M
2/2/1905,5/26/1925,F
2/5/1905,6/9/1928,M
2/9/1905,4/16/1959,F
2/15/1905,9/7/1977,M
2/17/1905,9/12/1955,F
2/22/1905,7/25/1907,M
3/2/1905,12/5/1924,M
3/4/1905,9/16/1939,M
3/16/1905,4/1/1908,F
4/13/1905,4/3/1923,F
4/15/1905,8/7/1936,M
4/28/1905,1/6/1961,M
4/29/1905,12/27/1925,M
5/4/1905,7/15/1938,F
5/5/1905,7/15/1943,M
5/9/1905,7/3/1913,F
5/12/1905,11/16/1985,M
5/16/1905,11/8/1971,M
5/28/1905,6/27/1923,M
6/14/1905,8/1/1965,F
6/26/1905,5/20/1975,M
7/9/1905,11/12/1918,M
7/13/1905,4/28/1906,M
7/13/1905,4/9/1985,F
7/24/1905,11/14/1915,F
7/24/1905,1/18/1922,F
7/25/1905,5/16/1994,M
7/29/1905,3/23/1927,M
8/5/1905,3/22/1917,F
8/7/1905,1/6/1972,F
8/20/1905,11/19/1966,M
9/7/1905,7/4/1909,M
9/13/1905,9/2/1995,F
9/17/1905,12/23/1949,F
9/22/1905,4/16/1998,M
9/25/1905,7/24/1911,M
9/29/1905,7/19/1973,M
10/11/1905,11/28/1918,M
10/11/1905,11/11/1963,F
10/12/1905,1/28/1975,M
10/29/1905,1/17/1991,M
10/30/1905,4/29/1923,F
11/3/1905,8/1/1970,M
11/7/1905,11/24/1915,M
11/14/1905,1/15/1936,M
11/15/1905,3/20/1959,F
11/27/1905,2/1/1927,M
11/29/1905,12/25/1932,F
12/1/1905,8/27/1942,F
12/1/1905,11/16/1959,F
12/11/1905,6/23/1961,F
12/13/1905,9/30/1918,F
12/15/1905,7/27/1938,M
12/21/1905,8/23/1997,F
12/24/1905,6/15/1997,M
12/26/1905,1/27/1996,M
1/1/1906,1/7/1950,M
1/13/1906,12/4/1989,M
1/16/1906,2/18/1984,F
2/4/1906,11/10/1914,M
2/10/1906,2/4/1976,F
2/11/1906,2/16/1952,F
2/18/1906,5/14/1986,M
2/22/1906,10/27/1916,F
2/22/1906,1/26/1933,M
2/25/1906,2/14/1911,F
3/11/1906,5/27/1981,M
3/14/1906,7/28/1933,F
3/14/1906,2/4/1939,F
3/18/1906,8/2/1917,F
3/24/1906,10/14/1994,F
4/4/1906,11/7/1933,M
4/5/1906,6/23/1950,M
4/9/1906,10/13/1965,F
4/15/1906,7/1/1907,F
4/16/1906,5/8/1936,F
4/18/1906,11/26/1972,F
4/22/1906,8/9/1940,M
5/6/1906,7/22/1912,M
5/6/1906,9/5/1932,F
5/7/1906,11/4/1958,M
5/27/1906,10/29/1906,M
5/29/1906,8/17/1947,F
6/8/1906,1/2/1915,M
6/19/1906,5/30/1957,F
6/27/1906,7/18/1920,F
6/28/1906,4/23/1996,F
7/4/1906,6/21/1926,M
7/4/1906,10/10/1993,M
7/5/1906,12/26/1996,F
7/11/1906,11/10/1998,F
7/16/1906,10/14/1958,M
7/23/1906,11/26/1975,F
7/25/1906,5/27/1964,F
7/28/1906,11/26/1918,F
7/30/1906,3/25/1963,M
7/30/1906,4/11/1979,F
8/5/1906,11/11/1973,M
8/12/1906,4/27/1959,M
8/21/1906,4/4/1909,M
9/9/1906,7/15/1928,F
9/14/1906,8/29/1934,F
9/16/1906,9/1/1945,M
9/18/1906,2/19/1946,F
9/30/1906,10/19/1934,F
10/4/1906,4/29/1930,M
10/4/1906,3/8/1995,F
10/5/1906,6/10/1941,M
10/8/1906,7/2/1950,M
10/9/1906,9/11/1980,F
10/19/1906,11/4/1939,M
10/25/1906,3/27/1929,F
10/27/1906,4/4/1997,F
10/28/1906,10/1/1948,M
10/30/1906,1/21/1996,M
11/8/1906,8/30/1990,F
11/9/1906,11/1/1943,M
11/10/1906,1/30/1910,F
11/12/1906,9/19/1965,F
11/18/1906,4/11/1978,F
11/22/1906,11/11/1988,M
12/3/1906,3/17/1940,F
12/5/1906,4/28/1970,F
12/13/1906,4/11/1965,F
12/19/1906,6/3/1986,F
12/24/1906,11/28/1968,F
12/25/1906,12/19/1915,F
12/25/1906,3/18/1991,M
12/26/1906,7/15/1955,M
12/29/1906,4/2/1961,F
1/4/1907,9/23/1936,M
1/4/1907,12/13/1961,F
1/11/1907,6/24/1923,M
1/19/1907,12/21/1931,M
1/24/1907,3/16/1937,F
1/25/1907,9/28/1944,F
1/29/1907,3/13/1939,M
2/24/1907,9/14/1987,M
3/8/1907,5/6/1933,F
3/8/1907,6/14/1938,F
3/15/1907,6/12/1961,M
3/22/1907,7/1/1943,M
3/28/1907,11/26/1918,M
4/1/1907,5/7/1921,M
4/3/1907,5/21/1932,M
4/7/1907,5/21/1957,M
4/10/1907,5/27/1994,M
4/21/1907,8/7/1993,F
4/26/1907,1/28/1972,F
4/28/1907,10/23/1918,M
5/17/1907,3/29/1968,M
5/21/1907,3/25/1957,M
5/25/1907,7/21/1999,F
5/29/1907,10/18/1914,F
6/3/1907,2/21/1955,M
6/6/1907,11/5/1955,F
6/10/1907,7/30/1961,M
6/16/1907,6/15/1967,M
6/22/1907,4/8/1921,F
6/22/1907,1/27/1943,M
7/6/1907,6/6/1941,M
7/13/1907,11/16/1977,F
7/26/1907,3/26/1936,M
7/27/1907,5/22/1940,F
8/2/1907,4/3/1991,M
8/11/1907,5/29/1989,F
8/19/1907,2/23/1923,F
8/27/1907,12/15/1927,F
9/16/1907,1/3/1966,M
9/17/1907,12/1/1958,F
9/29/1907,8/9/1948,F
10/4/1907,7/29/1970,M
10/6/1907,4/23/1994,M
10/9/1907,7/12/1959,F
10/15/1907,2/6/1926,M
10/15/1907,7/1/1998,F
10/22/1907,8/3/1923,M
10/27/1907,4/26/1997,F
11/3/1907,1/25/1919,F
11/6/1907,6/16/1966,M
11/6/1907,10/25/1977,M
11/10/1907,10/5/1995,F
11/16/1907,8/30/1960,F
11/29/1907,6/11/1921,M
12/9/1907,3/17/1986,M
12/19/1907,3/4/1970,M
12/24/1907,6/30/1983,F
1/8/1908,8/4/1989,M
1/12/1908,5/14/1987,F
1/17/1908,6/22/1997,F
1/23/1908,6/28/1926,M
1/29/1908,2/7/1933,M
2/5/1908,10/16/1923,M
2/11/1908,12/2/1993,F
2/13/1908,8/7/1980,F
2/15/1908,9/10/1990,F
2/20/1908,2/20/1917,M
2/20/1908,9/17/1984,F
2/22/1908,2/19/1990,F
2/23/1908,10/30/1921,M
2/25/1908,2/20/1942,F
2/25/1908,1/11/1961,M
2/27/1908,12/7/1929,F
2/28/1908,10/5/1960,F
3/1/1908,11/23/1991,F
4/5/1908,3/27/1983,F
4/14/1908,1/12/1949,F
4/16/1908,8/23/1929,F
4/22/1908,9/28/1916,M
5/8/1908,10/3/1949,M
5/9/1908,5/21/1950,F
5/14/1908,7/5/1919,M
5/17/1908,7/11/1967,M
5/20/1908,5/31/1924,F
5/26/1908,7/30/1910,M
5/29/1908,11/23/1981,F
6/1/1908,3/1/1999,M
6/2/1908,11/11/1935,F
6/4/1908,3/1/1988,F
6/9/1908,2/6/1931,F
6/15/1908,1/26/1983,F
6/21/1908,3/24/1963,F
6/28/1908,3/15/1909,F
7/3/1908,12/16/1931,M
7/4/1908,12/2/1937,M
7/20/1908,10/13/1910,F
8/12/1908,1/9/1920,F
8/23/1908,1/15/1972,F
8/29/1908,3/12/1947,F
8/30/1908,6/19/1988,M
9/9/1908,3/4/1930,M
10/3/1908,7/2/1916,F
10/3/1908,3/5/1981,M
10/10/1908,9/17/1923,F
10/17/1908,3/14/1913,F
10/18/1908,11/12/1944,F
11/2/1908,5/14/1941,F
11/3/1908,2/10/1934,M
11/10/1908,12/14/1992,M
11/20/1908,10/3/1919,F
11/23/1908,5/23/1936,M
11/23/1908,5/24/1973,M
11/28/1908,10/29/1956,F
11/30/1908,8/31/1978,M
12/9/1908,4/5/1968,M
12/11/1908,10/26/1943,F
12/15/1908,11/8/1940,F
12/23/1908,2/19/1935,M
1/3/1909,9/29/1910,M
1/23/1909,3/21/1945,M
1/26/1909,10/28/1968,F
1/28/1909,2/27/1920,M
1/28/1909,12/23/1970,F
2/9/1909,3/19/1978,M
2/16/1909,7/7/1951,M
2/21/1909,9/12/1999,F
2/24/1909,11/29/1920,F
2/27/1909,7/10/1913,F
3/8/1909,1/31/1952,M
3/18/1909,3/29/1916,F
3/24/1909,9/18/1988,F
4/2/1909,10/27/1921,F
4/13/1909,2/15/1961,F
5/4/1909,6/26/1940,M
5/4/1909,10/29/1964,M
5/10/1909,11/27/1922,F
5/17/1909,4/26/1964,M
5/23/1909,2/24/1940,F
6/1/1909,2/11/1932,M
6/2/1909,8/24/1936,F
6/2/1909,10/10/1963,F
6/5/1909,10/18/1913,M
6/7/1909,4/9/1915,M
6/7/1909,6/19/1999,M
6/11/1909,6/16/1914,M
6/11/1909,5/29/1990,M
6/12/1909,8/4/1925,M
6/13/1909,7/31/1942,F
6/23/1909,6/21/1979,M
6/27/1909,1/29/1911,M
6/30/1909,3/28/1930,F
7/3/1909,5/5/1939,F
7/5/1909,8/18/1975,M
7/8/1909,10/3/1999,M
7/9/1909,2/25/1939,F
7/9/1909,12/30/1976,M
7/11/1909,9/24/1978,F
7/18/1909,11/18/1973,F
7/18/1909,5/14/1993,M
7/20/1909,10/26/1949,M
7/26/1909,10/19/1994,M
7/27/1909,1/22/1947,M
7/28/1909,9/2/1926,M
8/15/1909,3/19/1910,F
8/19/1909,8/8/1974,F
8/28/1909,12/10/1961,F
8/29/1909,11/2/1940,M
8/30/1909,3/1/1934,M
9/1/1909,9/3/1951,M
9/9/1909,7/15/1914,M
9/9/1909,8/30/1934,M
9/14/1909,7/26/1986,M
9/21/1909,12/30/1961,M
10/2/1909,12/7/1988,F
10/9/1909,10/16/1957,F
10/14/1909,6/18/1979,F
10/14/1909,9/1/1993,M
10/17/1909,10/3/1925,F
10/22/1909,6/13/1913,F
10/26/1909,11/22/1911,F
11/1/1909,9/13/1997,M
11/2/1909,5/2/1973,M
11/14/1909,2/6/1921,M
11/19/1909,5/20/1944,F
11/27/1909,10/29/1959,F
11/27/1909,7/24/1984,M
12/3/1909,12/24/1988,F
12/14/1909,11/28/1914,F
1/10/1910,4/2/1975,F
1/11/1910,7/9/1916,M
1/13/1910,11/6/1967,F
1/15/1910,12/29/1915,M
1/20/1910,9/3/1969,M
1/30/1910,3/24/1996,F
2/1/1910,4/24/1941,M
2/18/1910,3/18/1972,M
2/18/1910,1/24/1988,F
2/19/1910,1/19/1974,F
2/21/1910,7/3/1935,M
2/22/1910,9/9/1969,F
3/8/1910,2/25/1963,M
3/21/1910,3/10/1966,F
3/23/1910,11/23/1943,M
3/23/1910,5/22/1950,F
3/28/1910,1/28/1975,M
4/4/1910,9/30/1979,M
4/13/1910,6/4/1952,M
4/13/1910,2/27/1972,M
4/17/1910,3/17/1918,F
4/29/1910,7/13/1936,F
5/2/1910,3/2/1950,F
5/4/1910,1/6/1941,M
5/24/1910,7/19/1994,M
6/3/1910,4/12/1986,M
6/10/1910,5/24/1928,F
6/14/1910,5/19/1940,M
7/2/1910,10/26/1959,F
7/10/1910,3/22/1982,M
7/12/1910,10/8/1966,M
7/13/1910,1/9/1967,M
7/14/1910,12/8/1917,M
7/15/1910,10/14/1924,M
7/25/1910,8/23/1959,F
7/30/1910,8/29/1999,M
8/24/1910,5/27/1954,M
8/25/1910,11/28/1986,M
8/26/1910,11/24/1944,M
8/29/1910,11/26/1973,M
9/5/1910,2/1/1965,F
9/5/1910,4/18/1985,M
9/14/1910,6/13/1929,F
9/14/1910,2/1/1981,F
9/16/1910,8/18/1962,F
9/18/1910,7/22/1982,M
9/30/1910,6/9/1971,M
10/6/1910,1/30/1980,F
10/9/1910,3/3/1919,M
10/16/1910,2/5/1918,F
10/23/1910,4/20/1915,F
11/7/1910,9/17/1918,F
11/9/1910,5/25/1989,M
11/12/1910,2/28/1936,M
11/13/1910,12/17/1953,M
11/14/1910,2/24/1975,M
11/21/1910,11/9/1995,M
11/26/1910,6/13/1954,M
11/29/1910,7/13/1913,M
12/6/1910,7/15/1945,M
12/24/1910,5/30/1993,M
12/28/1910,6/16/1962,F
12/28/1910,3/29/1983,F
12/29/1910,4/5/1949,M
1/3/1911,2/8/1993,M
1/6/1911,10/5/1927,M
1/7/1911,9/22/1955,F
1/13/1911,6/26/1964,F
1/14/1911,7/22/1989,M
2/2/1911,8/6/1938,M
2/8/1911,7/8/1961,F
2/14/1911,12/13/1917,F
2/20/1911,8/16/1921,F
2/23/1911,1/13/1970,M
3/11/1911,1/17/1920,M
3/23/1911,5/17/1946,M
3/23/1911,2/4/1961,M
3/23/1911,3/3/1968,F
3/24/1911,5/6/1953,F
4/19/1911,3/31/1989,F
4/21/1911,7/13/1940,F
4/21/1911,12/6/1980,F
4/26/1911,10/27/1977,M
4/30/1911,11/12/1969,M
5/9/1911,7/20/1945,F
5/10/1911,4/17/1917,M
5/20/1911,6/29/1947,M
5/21/1911,11/29/1930,F
5/21/1911,2/24/1931,M
5/21/1911,2/23/1991,M
6/4/1911,9/9/1999,M
6/17/1911,9/29/1985,M
6/22/1911,5/4/1969,F
7/23/1911,2/1/1996,M
7/24/1911,7/22/1945,M
7/26/1911,2/7/1917,F
8/6/1911,10/2/1970,F
8/7/1911,5/27/1914,F
8/8/1911,6/22/1955,F
8/13/1911,4/26/1926,F
8/28/1911,6/21/1995,F
8/30/1911,11/6/1945,M
9/23/1911,10/16/1960,M
10/12/1911,8/24/1951,F
10/13/1911,12/22/1945,M
10/16/1911,6/17/1985,M
10/26/1911,4/3/1939,M
11/20/1911,8/13/1970,F
11/27/1911,3/20/1914,F
11/29/1911,2/10/1917,F
12/2/1911,5/16/1918,F
12/9/1911,5/28/1971,M
12/13/1911,9/29/1920,F
12/13/1911,2/3/1980,M
12/18/1911,12/3/1974,M
12/19/1911,10/21/1924,F
1/10/1912,9/17/1912,M
1/18/1912,12/10/1996,F
1/19/1912,4/23/1979,M
1/21/1912,8/31/1914,F
1/24/1912,3/9/1931,M
1/24/1912,4/15/1966,F
1/29/1912,6/19/1954,M
2/18/1912,8/8/1986,F
2/19/1912,4/4/1996,F
2/22/1912,5/23/1951,F
2/23/1912,4/10/1971,M
2/28/1912,11/15/1949,F
3/4/1912,2/17/1941,M
3/16/1912,4/24/1975,M
3/24/1912,5/8/1919,F
3/30/1912,4/12/1934,M
4/4/1912,12/2/1958,F
4/4/1912,10/9/1968,F
4/16/1912,9/19/1921,M
4/25/1912,6/5/1958,M
4/28/1912,8/11/1950,F
5/1/1912,10/21/1986,F
5/7/1912,6/28/1945,M
5/7/1912,8/18/1990,F
5/13/1912,6/3/1989,M
5/19/1912,2/29/1968,F
5/19/1912,6/8/1968,F
5/28/1912,8/18/1945,F
5/29/1912,10/30/1915,M
6/1/1912,1/15/1943,M
6/5/1912,1/30/1946,F
6/22/1912,1/12/1932,M
6/22/1912,7/8/1951,F
6/28/1912,6/22/1979,F
6/29/1912,1/6/1932,F
7/4/1912,6/11/1961,M
7/9/1912,3/4/1956,F
7/27/1912,7/24/1927,F
7/29/1912,11/7/1918,F
8/1/1912,1/3/1952,F
8/6/1912,10/22/1946,F
8/9/1912,9/7/1976,M
8/19/1912,5/9/1993,F
8/23/1912,7/9/1948,F
8/25/1912,4/24/1930,F
8/26/1912,3/11/1940,M
9/13/1912,11/26/1966,F
9/18/1912,4/18/1947,M
10/3/1912,9/27/1934,F
10/7/1912,9/26/1980,F
10/7/1912,6/22/1985,F
10/16/1912,1/17/1931,F
10/25/1912,9/27/1986,M
10/27/1912,6/17/1935,F
11/2/1912,4/9/1952,F
11/7/1912,10/15/1966,F
11/7/1912,1/14/1981,F
11/7/1912,12/23/1996,M
11/10/1912,8/20/1914,F
11/15/1912,4/20/1992,M
11/18/1912,9/3/1969,M
11/24/1912,10/23/1991,F
11/29/1912,11/25/1913,M
12/8/1912,10/3/1923,F
12/21/1912,2/27/1952,F
1/8/1913,7/1/1947,F
1/9/1913,10/25/1958,F
1/10/1913,12/7/1939,M
1/11/1913,4/12/1991,M
1/23/1913,9/13/1931,M
1/23/1913,7/15/1964,F
2/13/1913,10/7/1924,F
2/14/1913,2/6/1971,M
2/20/1913,9/21/1968,F
2/23/1913,8/1/1976,M
2/25/1913,6/15/1957,F
2/28/1913,9/5/1945,F
2/28/1913,1/26/1974,F
3/3/1913,8/11/1982,M
3/12/1913,3/25/1991,M
3/16/1913,3/17/1917,M
3/17/1913,1/21/1938,F
3/30/1913,8/15/1997,F
4/3/1913,1/3/1928,M
4/3/1913,8/19/1964,F
4/17/1913,2/20/1986,F
5/5/1913,3/15/1938,M
5/12/1913,2/6/1939,F
5/15/1913,11/8/1927,M
5/19/1913,7/7/1981,M
5/26/1913,4/18/1991,F
6/7/1913,7/7/1976,M
6/9/1913,9/9/1970,M
6/15/1913,7/10/1998,F
6/21/1913,5/10/1972,F
6/27/1913,12/4/1951,F
7/13/1913,5/16/1998,F
7/16/1913,1/12/1924,F
8/2/1913,9/18/1981,F
8/5/1913,9/8/1919,F
8/5/1913,9/8/1951,M
8/12/1913,5/2/1944,M
8/18/1913,8/6/1965,M
8/23/1913,3/26/1998,F
9/8/1913,2/26/1968,F
9/15/1913,9/19/1917,M
9/16/1913,4/23/1965,F
9/17/1913,10/12/1956,F
9/20/1913,12/17/1934,F
9/25/1913,6/27/1941,M
10/10/1913,9/8/1926,M
10/13/1913,8/13/1976,F
10/13/1913,11/10/1994,M
10/22/1913,12/27/1956,M
10/23/1913,4/27/1994,M
10/24/1913,11/24/1922,F
11/8/1913,11/10/1982,M
11/14/1913,8/7/1974,M
11/15/1913,3/2/1969,M
11/16/1913,4/4/1940,F
11/16/1913,5/3/1941,F
11/28/1913,6/12/1974,M
12/3/1913,1/22/1955,F
12/6/1913,11/15/1938,F
12/8/1913,3/16/1942,F
12/11/1913,8/3/1936,F
12/12/1913,11/28/1955,M
12/28/1913,6/3/1962,M
12/29/1913,3/3/1981,F
1/14/1914,10/24/1956,F
1/15/1914,9/12/1928,F
1/20/1914,7/23/1917,F
1/22/1914,2/28/1927,F
1/25/1914,2/26/1990,M
2/8/1914,3/5/1954,F
2/12/1914,8/21/1920,F
2/15/1914,7/10/1925,F
2/23/1914,12/17/1926,M
2/23/1914,1/24/1966,M
2/26/1914,2/15/1965,M
3/2/1914,4/25/1985,F
3/4/1914,6/2/1931,F
3/7/1914,8/17/1963,F
3/7/1914,8/16/1990,F
3/8/1914,3/23/1977,F
3/11/1914,11/3/1922,F
3/19/1914,11/14/1986,M
4/1/1914,8/30/1986,M
4/16/1914,3/17/1933,F
4/23/1914,4/21/1994,M
4/25/1914,7/4/1962,M
5/4/1914,1/4/1995,M
5/6/1914,2/15/1997,M
5/8/1914,11/22/1952,M
5/13/1914,11/7/1993,M
5/19/1914,4/25/1941,F
5/21/1914,12/4/1969,F
5/24/1914,7/22/1947,F
5/24/1914,2/23/1974,M
6/18/1914,4/18/1939,M
7/4/1914,8/23/1965,F
7/10/1914,10/30/1948,F
7/14/1914,7/13/1926,M
7/15/1914,4/6/1965,F
7/21/1914,6/8/1957,M
7/28/1914,1/12/1959,F
8/12/1914,3/29/1966,F
8/15/1914,9/25/1955,M
8/15/1914,11/3/1957,M
8/16/1914,12/18/1933,M
8/30/1914,2/17/1994,M
9/7/1914,2/6/1951,F
9/11/1914,8/13/1933,M
9/11/1914,4/21/1989,F
9/12/1914,2/4/1969,F
9/14/1914,5/29/1971,F
9/19/1914,1/21/1924,M
9/19/1914,9/6/1960,F
9/25/1914,5/31/1921,F
10/1/1914,12/29/1945,F
10/1/1914,3/4/1984,F
10/6/1914,11/21/1934,M
10/7/1914,11/24/1978,F
10/10/1914,2/19/1939,M
10/15/1914,12/12/1918,F
10/15/1914,3/30/1923,F
10/20/1914,10/13/1955,F
10/22/1914,2/11/1968,F
10/25/1914,2/14/1945,F
10/27/1914,4/24/1967,M
11/2/1914,11/15/1969,F
11/4/1914,8/27/1975,F
11/12/1914,4/19/1928,F
11/12/1914,5/1/1978,F
11/16/1914,9/5/1978,M
11/18/1914,8/31/1916,M
11/28/1914,6/27/1932,M
12/3/1914,3/28/1915,M
12/6/1914,12/10/1972,M
12/10/1914,2/10/1984,M
12/18/1914,7/6/1933,M
12/21/1914,6/1/1951,F
12/23/1914,1/23/1992,M
1/6/1915,1/8/1932,M
1/11/1915,6/1/1920,M
1/11/1915,5/22/1926,M
2/7/1915,12/2/1918,M
2/11/1915,3/17/1972,M
2/24/1915,8/29/1927,M
2/28/1915,7/12/1919,M
3/6/1915,10/4/1957,M
3/6/1915,7/13/1959,M
3/9/1915,1/15/1978,F
3/10/1915,5/2/1938,M
3/20/1915,8/7/1986,F
4/3/1915,11/26/1916,F
4/3/1915,2/6/1993,M
4/6/1915,3/12/1981,F
4/9/1915,6/3/1965,M
4/10/1915,4/21/1999,M
4/18/1915,8/27/1956,M
5/1/1915,12/24/1953,M
5/1/1915,4/29/1968,M
5/2/1915,2/5/1929,F
5/8/1915,4/17/1960,F
5/14/1915,4/4/1962,M
5/15/1915,8/31/1940,F
5/18/1915,5/8/1980,M
5/20/1915,9/29/1933,M
5/23/1915,1/2/1927,M
6/3/1915,2/6/1983,M
6/8/1915,11/23/1968,F
6/18/1915,5/4/1957,M
6/20/1915,2/18/1948,F
6/23/1915,7/3/1929,M
6/25/1915,8/26/1964,M
6/25/1915,3/1/1975,F
7/4/1915,1/18/1953,F
7/6/1915,2/13/1968,F
7/7/1915,6/12/1972,F
7/11/1915,8/19/1994,M
7/16/1915,8/14/1927,F
7/16/1915,7/26/1970,M
7/26/1915,8/17/1952,F
8/18/1915,12/8/1969,M
8/23/1915,11/3/1928,M
8/23/1915,12/25/1967,M
8/23/1915,1/5/1969,M
8/30/1915,6/19/1958,M
9/2/1915,2/7/1923,M
9/4/1915,8/15/1972,M
9/16/1915,12/1/1918,M
10/4/1915,2/27/1919,F
10/4/1915,4/14/1978,M
10/22/1915,1/7/1927,M
10/26/1915,3/5/1988,F
11/27/1915,3/12/1956,F
12/2/1915,3/13/1932,F
12/6/1915,8/20/1955,F
12/8/1915,5/25/1923,F
12/14/1915,5/6/1999,F
12/21/1915,11/18/1953,F
12/23/1915,8/8/1991,F
1/3/1916,4/6/1970,M
1/12/1916,3/29/1999,M
1/18/1916,11/11/1962,F
1/18/1916,11/21/1977,M
2/3/1916,2/5/1964,M
2/11/1916,11/15/1998,F
2/14/1916,5/23/1931,M
2/18/1916,7/5/1997,M
2/20/1916,10/11/1957,F
2/22/1916,4/27/1947,M
2/26/1916,7/12/1960,M
2/28/1916,7/15/1996,F
3/9/1916,10/16/1994,M
3/19/1916,8/21/1961,M
3/29/1916,10/2/1932,M
4/3/1916,10/9/1917,F
4/4/1916,11/26/1937,M
4/7/1916,2/3/1963,F
4/9/1916,2/20/1945,M
4/10/1916,8/1/1932,F
4/26/1916,9/5/1988,F
4/29/1916,2/12/1993,M
4/30/1916,8/11/1945,F
5/6/1916,1/19/1971,M
5/9/1916,11/14/1980,M
5/14/1916,9/17/1953,F
5/19/1916,6/23/1956,F
5/23/1916,4/2/1989,F
5/25/1916,7/28/1962,M
5/30/1916,6/7/1917,F
6/4/1916,6/21/1923,M
6/11/1916,9/3/1990,M
6/13/1916,8/1/1926,M
6/25/1916,5/1/1933,M
7/4/1916,12/12/1941,M
7/6/1916,10/6/1950,F
7/7/1916,5/21/1974,F
7/8/1916,9/30/1918,F
7/17/1916,10/18/1973,F
7/18/1916,8/30/1931,F
7/20/1916,3/5/1969,F
7/23/1916,5/22/1946,M
7/23/1916,12/21/1956,M
7/26/1916,5/8/1937,M
8/5/1916,1/28/1962,F
8/16/1916,5/27/1948,F
8/27/1916,11/2/1927,M
8/28/1916,7/1/1955,F
8/29/1916,8/16/1985,M
9/3/1916,12/5/1956,M
9/7/1916,6/29/1919,M
9/9/1916,1/16/1979,M
9/18/1916,5/1/1936,F
9/23/1916,5/27/1964,F
9/24/1916,12/17/1952,M
9/26/1916,2/14/1958,F
10/7/1916,5/16/1984,M
10/11/1916,6/19/1938,M
10/12/1916,5/17/1995,F
10/22/1916,2/17/1921,M
10/23/1916,7/1/1956,F
10/24/1916,12/21/1953,M
11/2/1916,11/12/1939,F
11/8/1916,9/4/1950,F
11/12/1916,4/8/1936,M
11/15/1916,6/26/1964,F
11/15/1916,6/25/1975,F
11/18/1916,2/9/1998,F
11/20/1916,7/9/1929,M
11/20/1916,5/14/1953,F
11/21/1916,11/19/1982,F
11/26/1916,4/1/1943,M
12/2/1916,8/27/1942,M
12/4/1916,7/4/1923,M
12/8/1916,9/16/1965,F
12/9/1916,11/2/1964,F
12/10/1916,8/21/1979,M
12/11/1916,12/29/1939,F
12/21/1916,10/15/1937,F
1/7/1917,10/6/1980,F
1/7/1917,12/1/1980,M
1/15/1917,3/5/1965,F
1/15/1917,12/11/1996,M
1/18/1917,9/22/1998,F
1/23/1917,9/9/1975,F
1/25/1917,1/13/1920,M
2/5/1917,1/23/1998,F
2/11/1917,2/9/1959,M
2/15/1917,7/24/1985,M
3/3/1917,3/23/1973,F
3/4/1917,4/27/1963,M
3/5/1917,12/3/1941,M
3/16/1917,3/19/1930,F
3/16/1917,6/10/1977,F
3/17/1917,5/11/1944,M
3/19/1917,9/8/1988,M
3/29/1917,9/12/1992,F
4/3/1917,7/1/1929,F
4/11/1917,7/5/1936,F
4/11/1917,3/8/1985,M
4/12/1917,6/25/1943,F
4/13/1917,5/1/1956,F
4/15/1917,7/29/1977,F
4/19/1917,11/22/1941,F
4/23/1917,9/22/1955,M
5/4/1917,12/22/1964,M
5/10/1917,6/4/1959,F
5/14/1917,9/18/1974,F
5/19/1917,10/23/1937,M
5/22/1917,2/8/1975,F
6/10/1917,6/17/1978,F
6/20/1917,5/2/1986,F
6/25/1917,2/11/1992,M
7/2/1917,5/3/1952,M
7/7/1917,6/23/1919,M
7/21/1917,2/9/1945,F
7/23/1917,12/28/1929,M
7/23/1917,8/2/1998,F
7/24/1917,12/13/1969,M
7/29/1917,12/4/1974,F
7/30/1917,6/4/1934,M
8/2/1917,11/1/1920,M
8/7/1917,9/17/1998,F
8/9/1917,10/1/1956,F
8/16/1917,7/2/1928,M
9/5/1917,5/12/1964,M
9/21/1917,3/2/1936,M
9/25/1917,4/16/1929,F
10/3/1917,10/8/1929,F
10/9/1917,2/16/1969,M
10/22/1917,6/26/1968,M
10/27/1917,3/21/1927,M
11/1/1917,2/24/1926,M
11/5/1917,11/29/1969,F
11/9/1917,3/17/1927,F
11/10/1917,3/15/1970,F
11/10/1917,12/4/1993,F
11/26/1917,5/10/1939,F
11/29/1917,9/18/1963,F
12/6/1917,1/15/1932,M
12/17/1917,7/20/1925,F
12/17/1917,2/23/1950,M
12/20/1917,4/25/1992,M
12/25/1917,9/27/1999,F
12/29/1917,12/31/1999,F
1/5/1918,3/13/1952,F
1/13/1918,10/8/1954,F
1/19/1918,11/29/1940,F
1/27/1918,10/25/1931,M
2/4/1918,3/17/1970,F
2/16/1918,5/2/1959,M
2/23/1918,12/15/1997,M
2/25/1918,12/10/1989,M
2/26/1918,6/10/1920,M
3/3/1918,7/15/1960,F
3/6/1918,5/26/1963,M
3/27/1918,7/5/1973,M
4/3/1918,10/11/1964,F
4/4/1918,7/28/1931,M
4/5/1918,1/30/1988,F
4/13/1918,12/12/1981,M
4/21/1918,8/6/1937,F
4/25/1918,1/16/1971,M
4/30/1918,9/19/1999,M
5/19/1918,9/17/1927,F
5/29/1918,1/17/1985,F
6/10/1918,4/15/1941,F
6/18/1918,1/28/1949,M
6/20/1918,9/24/1932,F
6/28/1918,9/19/1937,M
7/4/1918,5/17/1964,M
7/5/1918,3/25/1924,F
7/10/1918,8/11/1970,F
7/11/1918,10/13/1942,F
7/19/1918,1/26/1933,M
7/20/1918,1/9/1971,M
7/28/1918,12/9/1954,M
8/12/1918,4/23/1985,F
8/29/1918,8/12/1957,M
9/9/1918,11/27/1993,F
9/20/1918,12/30/1934,F
9/23/1918,11/19/1918,M
10/10/1918,1/19/1948,F
10/12/1918,1/27/1938,M
10/22/1918,7/15/1936,F
10/23/1918,7/12/1976,F
10/26/1918,9/6/1999,F
11/7/1918,3/24/1953,F
11/13/1918,4/24/1943,F
11/14/1918,11/11/1993,F
11/16/1918,9/1/1937,M
11/26/1918,12/17/1977,F
12/7/1918,12/3/1962,F
12/11/1918,4/9/1930,M
12/12/1918,6/28/1948,F
12/17/1918,2/1/1941,M
12/18/1918,8/9/1926,M
1/2/1919,1/2/1969,F
1/6/1919,3/28/1996,M
1/9/1919,1/16/1927,F
1/15/1919,9/25/1949,F
1/21/1919,5/5/1939,M
1/23/1919,12/13/1999,M
1/24/1919,2/24/1965,F
1/28/1919,12/4/1938,F
2/9/1919,1/10/1926,F
2/25/1919,11/11/1999,M
3/6/1919,8/22/1992,F
3/11/1919,3/18/1955,M
3/12/1919,5/28/1950,M
3/14/1919,2/1/1972,M
3/22/1919,5/8/1933,M
4/4/1919,2/14/1941,M
4/11/1919,11/27/1970,F
4/20/1919,3/18/1951,M
4/27/1919,3/3/1987,M
5/2/1919,5/15/1926,M
5/11/1919,3/26/1952,M
5/20/1919,2/4/1948,M
5/26/1919,5/23/1988,F
6/7/1919,11/30/1962,F
6/10/1919,4/3/1942,F
6/21/1919,9/11/1965,F
6/21/1919,8/23/1997,F
7/11/1919,12/26/1998,F
7/14/1919,1/17/1959,F
7/25/1919,2/14/1962,M
7/30/1919,11/17/1960,F
8/4/1919,9/15/1928,M
8/27/1919,11/26/1967,F
8/30/1919,3/16/1947,M
9/6/1919,7/6/1972,M
9/27/1919,9/15/1952,M
10/6/1919,11/9/1948,F
10/27/1919,11/17/1952,F
10/27/1919,3/4/1977,M
11/7/1919,2/29/1940,F
11/11/1919,10/8/1992,F
11/12/1919,8/1/1955,F
11/17/1919,6/5/1924,M
11/17/1919,8/2/1982,M
11/26/1919,7/21/1954,M
12/2/1919,4/20/1933,F
12/10/1919,1/10/1927,M
12/22/1919,4/18/1978,M
12/26/1919,4/16/1979,M
12/27/1919,9/26/1966,M
1/4/1920,1/4/1994,F
1/13/1920,4/3/1931,M
1/13/1920,8/18/1937,F
1/17/1920,3/21/1957,F
1/24/1920,10/18/1943,M
1/24/1920,5/13/1994,F
2/3/1920,5/11/1946,F
2/5/1920,4/6/1988,M
2/6/1920,12/8/1962,M
2/12/1920,4/10/1978,M
2/25/1920,2/27/1935,F
3/1/1920,12/5/1987,M
3/11/1920,9/18/1977,F
3/29/1920,7/11/1999,F
4/5/1920,9/5/1974,M
4/12/1920,6/15/1945,M
4/22/1920,5/22/1985,M
4/25/1920,2/12/1951,M
4/25/1920,5/10/1967,M
4/25/1920,12/22/1977,F
4/26/1920,11/28/1946,F
4/28/1920,1/31/1960,F
5/8/1920,12/11/1959,F
5/24/1920,3/19/1987,M
5/26/1920,3/4/1983,F
5/26/1920,8/18/1986,M
5/30/1920,9/3/1938,F
6/9/1920,11/19/1994,F
6/13/1920,2/20/1943,F
6/16/1920,7/18/1979,M
6/25/1920,6/22/1937,M
6/30/1920,12/16/1995,M
7/13/1920,1/25/1991,M
7/24/1920,8/23/1960,M
8/7/1920,8/8/1931,F
8/8/1920,6/28/1927,M
8/12/1920,12/5/1995,F
8/16/1920,2/2/1934,M
8/23/1920,7/27/1967,M
8/23/1920,1/1/1974,M
8/25/1920,6/9/1956,M
9/1/1920,1/12/1997,F
9/10/1920,5/30/1985,M
9/16/1920,12/3/1960,M
9/22/1920,1/15/1921,M
9/23/1920,5/27/1926,F
9/23/1920,8/25/1988,F
9/27/1920,3/19/1951,M
10/4/1920,7/13/1940,M
10/5/1920,4/22/1952,M
10/11/1920,11/14/1967,M
10/18/1920,6/23/1945,M
10/20/1920,10/14/1952,F
10/25/1920,10/9/1929,F
10/25/1920,2/22/1944,M
11/1/1920,1/5/1972,M
11/14/1920,9/26/1974,M
11/23/1920,2/26/1938,F
12/17/1920,11/18/1974,F
12/23/1920,10/9/1983,F
12/26/1920,8/25/1954,F
12/28/1920,6/6/1967,M
1/1/1921,4/19/1968,F
1/8/1921,9/6/1982,M
1/12/1921,5/31/1995,M
1/24/1921,6/12/1984,F
1/30/1921,9/22/1996,M
2/2/1921,5/26/1986,F
2/4/1921,7/8/1991,M
2/28/1921,1/16/1979,M
3/6/1921,4/25/1923,F
3/11/1921,4/13/1981,M
3/15/1921,4/14/1995,F
3/20/1921,6/13/1930,M
3/25/1921,12/5/1999,M
3/27/1921,8/18/1930,F
4/10/1921,6/18/1958,M
4/11/1921,6/15/1948,F
4/12/1921,6/24/1938,F
4/16/1921,2/24/1926,F
4/23/1921,10/17/1970,F
4/25/1921,8/29/1953,M
5/3/1921,9/6/1985,F
5/9/1921,1/17/1936,F
5/10/1921,7/26/1992,M
5/14/1921,9/1/1929,M
5/18/1921,1/1/1930,M
5/25/1921,6/24/1982,F
6/1/1921,11/23/1928,M
6/5/1921,1/28/1948,F
6/6/1921,4/3/1926,M
6/10/1921,1/9/1938,M
6/13/1921,5/14/1947,M
6/15/1921,4/10/1935,F
6/18/1921,10/9/1988,M
6/27/1921,5/22/1937,M
6/28/1921,8/30/1929,F
7/9/1921,5/29/1981,F
7/13/1921,6/10/1923,M
7/19/1921,11/2/1976,F
7/20/1921,8/13/1968,F
7/24/1921,5/22/1987,F
7/29/1921,1/6/1969,F
8/8/1921,7/30/1927,F
8/15/1921,3/3/1979,M
8/22/1921,7/20/1975,F
9/1/1921,12/27/1925,M
9/6/1921,4/8/1964,M
9/9/1921,8/29/1941,F
9/24/1921,6/8/1936,M
10/4/1921,7/29/1990,F
10/20/1921,6/7/1975,M
10/20/1921,1/12/1976,F
10/21/1921,10/24/1939,F
11/15/1921,12/31/1940,F
11/26/1921,1/25/1953,M
12/7/1921,7/12/1957,M
12/16/1921,7/4/1996,M
12/20/1921,9/30/1956,F
12/24/1921,5/19/1998,M
12/25/1921,3/24/1952,M
1/1/1922,1/2/1981,M
1/8/1922,8/23/1960,M
1/19/1922,7/16/1939,F
1/22/1922,6/11/1942,M
1/24/1922,8/16/1922,M
2/15/1922,8/13/1931,M
3/4/1922,6/26/1956,M
3/5/1922,9/27/1994,F
3/18/1922,1/10/1996,M
3/19/1922,12/20/1995,F
3/20/1922,5/11/1978,F
3/30/1922,6/16/1941,F
4/8/1922,11/21/1943,F
4/22/1922,5/22/1942,F
4/26/1922,3/31/1933,M
4/29/1922,4/7/1957,F
5/1/1922,12/28/1983,F
5/2/1922,7/15/1965,M
5/7/1922,4/5/1923,F
6/10/1922,1/4/1966,F
6/15/1922,11/29/1928,F
6/18/1922,7/2/1959,M
6/29/1922,8/30/1984,F
7/9/1922,5/1/1995,F
7/12/1922,3/1/1932,M
7/24/1922,6/17/1983,M
7/25/1922,8/27/1992,M
8/1/1922,4/25/1928,M
8/16/1922,3/23/1976,M
8/20/1922,11/17/1947,F
8/30/1922,9/10/1999,F
9/2/1922,12/1/1979,M
9/15/1922,4/30/1962,M
9/18/1922,7/17/1924,F
9/29/1922,1/12/1997,F
9/30/1922,7/23/1979,M
10/2/1922,9/2/1995,F
10/8/1922,7/5/1975,F
10/9/1922,4/2/1950,F
10/11/1922,2/13/1971,F
10/17/1922,6/24/1955,M
10/21/1922,10/28/1994,F
10/23/1922,6/13/1930,M
10/28/1922,3/10/1928,F
11/3/1922,4/21/1986,F
11/14/1922,12/14/1987,M
11/20/1922,3/30/1948,F
12/13/1922,2/17/1961,F
12/16/1922,12/28/1989,F
12/19/1922,5/22/1966,F
12/20/1922,2/25/1979,M
1/11/1923,4/18/1958,M
1/16/1923,12/20/1984,F
1/17/1923,12/1/1970,M
1/18/1923,7/20/1945,F
1/21/1923,3/24/1986,M
1/28/1923,8/8/1932,F
1/28/1923,2/26/1975,F
3/1/1923,4/5/1925,F
3/12/1923,1/3/1937,M
4/8/1923,10/5/1955,F
4/9/1923,7/12/1935,F
4/13/1923,8/23/1985,M
4/17/1923,4/10/1971,F
4/22/1923,3/4/1933,F
4/23/1923,8/1/1957,M
5/14/1923,7/4/1949,M
5/16/1923,8/19/1988,M
5/17/1923,3/12/1983,M
5/29/1923,4/11/1997,M
6/1/1923,10/21/1995,M
6/10/1923,10/13/1927,F
6/11/1923,7/12/1925,M
6/12/1923,1/13/1961,M
7/6/1923,9/1/1990,F
7/9/1923,6/21/1994,F
7/21/1923,9/1/1932,F
8/5/1923,1/23/1953,M
8/11/1923,10/24/1997,M
8/13/1923,11/7/1981,M
8/26/1923,3/20/1927,M
9/2/1923,5/23/1988,F
9/7/1923,7/17/1938,F
9/13/1923,7/30/1967,F
9/16/1923,12/26/1961,M
9/17/1923,10/6/1988,F
9/26/1923,10/20/1945,F
10/3/1923,5/5/1928,M
10/4/1923,9/2/1940,F
10/13/1923,5/2/1963,M
10/15/1923,4/4/1978,M
10/18/1923,11/7/1960,F
10/18/1923,8/27/1970,F
10/20/1923,11/3/1966,M
10/22/1923,1/7/1967,M
11/2/1923,2/11/1977,M
11/21/1923,2/18/1970,F
11/24/1923,9/10/1991,F
12/1/1923,9/6/1970,F
1/2/1924,1/20/1980,F
1/5/1924,3/10/1935,M
1/10/1924,8/4/1932,F
1/18/1924,1/3/1938,M
1/19/1924,11/7/1945,M
2/5/1924,7/21/1952,M
2/15/1924,8/12/1944,M
2/16/1924,9/8/1945,F
2/22/1924,8/18/1962,M
3/1/1924,4/20/1925,M
3/24/1924,2/19/1974,M
4/15/1924,11/5/1974,M
5/9/1924,7/27/1980,M
5/13/1924,3/10/1945,F
5/22/1924,10/3/1933,F
5/23/1924,7/19/1985,M
5/25/1924,4/27/1937,M
5/26/1924,4/13/1932,M
5/28/1924,10/12/1952,M
5/30/1924,9/22/1975,F
6/6/1924,8/31/1967,M
6/12/1924,12/18/1988,M
6/12/1924,4/30/1991,M
6/19/1924,12/30/1982,F
6/26/1924,8/21/1933,M
7/6/1924,4/17/1971,F
7/7/1924,5/16/1931,M
7/13/1924,7/22/1976,F
7/14/1924,12/2/1975,F
7/19/1924,5/24/1945,M
8/3/1924,12/11/1942,F
8/4/1924,11/6/1928,F
8/5/1924,10/5/1952,M
8/21/1924,3/16/1936,F
8/28/1924,11/30/1965,M
9/13/1924,5/30/1988,M
9/18/1924,4/16/1943,F
9/21/1924,12/15/1955,F
9/25/1924,6/9/1953,M
10/1/1924,5/19/1938,M
10/12/1924,2/14/1975,M
10/12/1924,1/5/1984,F
10/21/1924,11/12/1973,F
10/22/1924,5/6/1961,F
10/28/1924,12/30/1930,F
11/1/1924,1/20/1933,F
11/14/1924,12/17/1939,F
11/22/1924,8/9/1959,F
11/22/1924,6/26/1991,M
11/24/1924,8/18/1991,M
11/28/1924,10/13/1989,M
12/1/1924,6/20/1976,M
12/3/1924,7/7/1946,F
12/4/1924,1/17/1966,M
12/9/1924,7/1/1969,M
12/14/1924,10/23/1953,M
12/15/1924,9/27/1936,M
12/18/1924,6/23/1964,M
1/4/1925,5/12/1956,M
1/17/1925,4/24/1975,F
2/2/1925,9/4/1952,M
2/22/1925,10/24/1926,M
3/4/1925,10/3/1996,F
3/9/1925,3/25/1952,M
3/14/1925,5/21/1954,F
3/15/1925,3/29/1964,M
3/23/1925,3/17/1971,M
3/29/1925,1/19/1960,M
4/2/1925,11/9/1990,F
4/18/1925,2/18/1956,M
4/26/1925,11/24/1983,M
4/27/1925,2/12/1957,F
4/27/1925,7/5/1986,M
5/8/1925,6/28/1975,M
5/29/1925,7/24/1956,M
6/13/1925,6/29/1985,F
6/16/1925,12/15/1931,F
7/13/1925,10/10/1995,M
7/14/1925,4/29/1958,F
7/26/1925,5/19/1967,M
7/28/1925,5/13/1995,F
8/9/1925,9/3/1974,F
8/10/1925,7/8/1944,M
8/17/1925,2/6/1980,F
8/18/1925,1/30/1929,F
8/20/1925,8/6/1965,M
9/5/1925,5/26/1987,M
9/9/1925,3/23/1949,F
9/9/1925,7/20/1979,M
9/19/1925,8/7/1932,M
9/19/1925,7/14/1981,M
9/22/1925,7/26/1942,M
10/5/1925,9/5/1942,F
10/6/1925,1/26/1963,M
10/11/1925,1/9/1926,F
10/20/1925,11/10/1995,M
10/21/1925,1/25/1949,F
10/21/1925,10/5/1965,F
10/24/1925,9/11/1967,M
10/28/1925,5/30/1937,F
12/2/1925,9/26/1939,M
12/5/1925,11/18/1987,M
12/15/1925,12/22/1965,M
12/22/1925,8/2/1993,M
1/10/1926,11/7/1958,M
1/22/1926,6/13/1985,F
1/29/1926,8/1/1994,M
2/6/1926,12/22/1993,F
2/10/1926,8/15/1935,F
2/11/1926,10/17/1940,F
2/11/1926,5/4/1946,M
2/11/1926,10/16/1992,M
2/13/1926,7/29/1986,F
2/14/1926,1/4/1999,F
2/22/1926,3/31/1989,F
3/2/1926,5/27/1956,M
3/4/1926,11/2/1992,M
3/15/1926,12/10/1965,F
3/17/1926,9/2/1957,F
3/28/1926,2/15/1964,F
3/30/1926,10/8/1935,M
4/15/1926,11/25/1986,F
4/20/1926,6/8/1935,F
4/30/1926,5/18/1971,F
5/8/1926,7/4/1945,F
5/9/1926,4/17/1983,F
5/26/1926,1/28/1949,F
5/30/1926,11/22/1973,F
6/4/1926,11/30/1961,F
6/5/1926,3/31/1973,M
6/5/1926,11/25/1997,F
6/11/1926,5/25/1956,F
6/23/1926,11/13/1959,F
7/16/1926,10/10/1987,F
7/17/1926,1/4/1990,F
7/23/1926,12/6/1997,M
7/26/1926,10/23/1965,M
8/2/1926,3/22/1959,M
8/5/1926,4/12/1938,F
8/6/1926,5/7/1973,F
8/7/1926,4/16/1980,M
8/8/1926,1/10/1967,F
8/15/1926,4/9/1948,M
8/18/1926,8/24/1942,M
8/18/1926,6/10/1993,M
8/24/1926,9/25/1975,M
8/25/1926,8/6/1997,M
9/1/1926,12/12/1987,M
9/17/1926,12/14/1957,M
9/20/1926,11/6/1966,M
9/27/1926,4/4/1998,M
10/1/1926,6/3/1969,F
10/11/1926,4/6/1946,F
10/13/1926,7/9/1949,M
10/24/1926,8/1/1929,F
10/25/1926,4/11/1976,M
10/27/1926,4/4/1977,M
11/2/1926,2/27/1970,M
12/3/1926,1/8/1973,M
12/5/1926,6/7/1969,F
12/25/1926,3/26/1998,F
12/27/1926,5/25/1987,M
12/28/1926,11/24/1943,F
1/9/1927,8/29/1981,F
1/27/1927,1/29/1930,M
1/28/1927,10/16/1964,M
2/4/1927,2/1/1959,F
2/16/1927,3/12/1986,M
3/7/1927,9/14/1981,F
4/11/1927,1/2/1936,M
5/1/1927,5/14/1930,M
5/20/1927,1/23/1942,M
6/6/1927,5/24/1944,M
6/8/1927,6/1/1928,F
6/11/1927,9/21/1930,F
7/4/1927,3/24/1965,M
7/5/1927,7/21/1985,F
7/6/1927,4/7/1934,F
7/9/1927,4/30/1948,F
7/17/1927,1/13/1959,F
7/18/1927,5/15/1954,F
7/21/1927,4/22/1985,M
7/26/1927,9/16/1984,M
8/3/1927,6/20/1937,M
8/7/1927,6/24/1999,F
8/10/1927,7/6/1966,M
8/12/1927,4/29/1980,M
8/17/1927,3/23/1986,M
8/29/1927,4/14/1986,M
9/4/1927,9/26/1969,F
9/21/1927,5/4/1974,F
9/27/1927,1/28/1942,M
10/11/1927,7/21/1956,F
10/22/1927,3/23/1961,M
11/3/1927,11/23/1968,F
11/5/1927,6/16/1977,M
11/6/1927,10/28/1940,M
11/8/1927,12/25/1976,F
11/9/1927,6/13/1990,F
11/14/1927,5/30/1984,M
11/20/1927,3/1/1975,F
11/22/1927,12/1/1967,M
11/24/1927,6/25/1964,M
11/25/1927,9/8/1949,M
11/28/1927,10/8/1952,F
11/29/1927,12/29/1992,M
12/26/1927,2/2/1960,M
2/1/1928,1/1/1978,F
2/17/1928,4/21/1975,F
2/26/1928,3/16/1963,F
2/27/1928,3/5/1983,F
3/3/1928,5/29/1949,M
3/5/1928,2/2/1989,M
3/9/1928,8/25/1940,F
3/9/1928,6/22/1996,F
3/18/1928,6/23/1964,F
3/29/1928,4/4/1997,M
4/2/1928,4/17/1973,F
4/5/1928,5/9/1942,M
4/16/1928,4/10/1958,M
4/25/1928,5/8/1931,F
4/25/1928,4/21/1943,F
5/2/1928,3/23/1957,F
5/4/1928,2/13/1977,F
5/6/1928,8/15/1983,M
5/6/1928,4/12/1984,F
5/8/1928,5/4/1941,M
5/12/1928,6/20/1993,M
5/13/1928,11/20/1946,F
5/16/1928,3/28/1979,M
5/22/1928,10/28/1970,M
6/2/1928,6/4/1995,M
6/14/1928,6/23/1939,F
6/14/1928,12/4/1944,F
6/21/1928,4/23/1944,M
6/25/1928,7/19/1976,F
6/27/1928,12/12/1940,F
7/6/1928,3/29/1963,M
8/7/1928,7/21/1950,M
8/11/1928,10/7/1940,M
9/3/1928,2/13/1938,M
9/5/1928,9/9/1966,M
9/5/1928,2/28/1986,F
9/7/1928,2/25/1937,F
9/29/1928,8/17/1940,F
10/1/1928,2/25/1931,F
10/19/1928,10/22/1960,M
10/20/1928,1/11/1935,M
10/24/1928,5/18/1987,F
11/8/1928,12/8/1975,F
11/11/1928,7/28/1977,M
11/20/1928,9/3/1997,F
12/1/1928,11/3/1964,M
12/7/1928,1/24/1989,M
12/15/1928,5/19/1981,M
12/16/1928,11/20/1946,M
12/17/1928,8/31/1972,F
1/7/1929,3/1/1981,M
1/11/1929,1/2/1970,F
1/18/1929,10/8/1970,M
1/25/1929,3/17/1947,M
1/26/1929,6/6/1949,M
1/27/1929,7/17/1971,M
2/7/1929,9/24/1999,M
2/11/1929,10/31/1929,F
2/15/1929,10/22/1980,F
3/6/1929,9/15/1951,F
3/15/1929,12/14/1935,M
4/2/1929,6/26/1965,M
4/12/1929,9/16/1960,F
4/16/1929,10/16/1971,M
4/22/1929,10/19/1960,M
4/23/1929,1/21/1962,F
5/6/1929,8/28/1978,M
5/6/1929,8/22/1993,M
5/21/1929,8/3/1947,M
5/27/1929,12/3/1965,M
6/1/1929,6/12/1987,F
6/3/1929,4/2/1958,M
6/12/1929,9/13/1929,F
6/18/1929,8/5/1968,F
7/2/1929,1/10/1959,M
7/22/1929,12/7/1947,F
7/23/1929,9/27/1933,F
8/12/1929,10/18/1999,M
8/14/1929,10/7/1936,F
8/19/1929,3/28/1932,M
8/30/1929,12/10/1982,F
9/9/1929,2/24/1999,F
9/12/1929,6/26/1964,F
9/28/1929,7/14/1954,M
9/30/1929,9/1/1976,M
10/9/1929,12/9/1931,F
10/21/1929,8/21/1933,M
11/6/1929,10/11/1973,F
11/6/1929,8/10/1974,F
11/9/1929,2/14/1951,M
11/12/1929,9/11/1968,M
11/13/1929,4/27/1966,M
11/16/1929,1/18/1984,M
11/18/1929,9/14/1984,F
11/27/1929,2/29/1936,F
11/29/1929,11/23/1996,F
12/24/1929,5/5/1931,M
1/6/1930,6/28/1982,M
1/10/1930,8/31/1964,M
1/18/1930,8/24/1950,F
1/19/1930,10/29/1934,F
1/19/1930,10/6/1945,M
1/21/1930,1/17/1982,M
1/24/1930,2/19/1941,M
1/28/1930,6/8/1982,M
2/7/1930,4/21/1998,F
2/21/1930,10/17/1955,F
3/6/1930,8/2/1932,M
3/7/1930,5/29/1986,F
3/21/1930,5/23/1954,M
3/30/1930,11/29/1966,M
4/10/1930,5/22/1963,F
4/26/1930,9/23/1982,F
4/30/1930,7/10/1962,M
5/17/1930,5/5/1945,M
5/17/1930,12/12/1953,F
5/17/1930,3/25/1959,F
6/1/1930,9/17/1935,F
6/17/1930,11/10/1939,M
6/22/1930,7/2/1941,F
7/1/1930,9/17/1934,M
7/2/1930,3/3/1961,F
7/5/1930,3/23/1944,F
7/6/1930,8/18/1994,M
8/5/1930,10/20/1970,M
8/7/1930,2/8/1931,F
8/19/1930,12/11/1956,M
8/24/1930,10/26/1943,M
8/24/1930,12/23/1979,F
8/27/1930,9/7/1939,F
8/29/1930,10/28/1954,M
9/5/1930,12/15/1976,M
9/7/1930,2/10/1997,M
9/11/1930,8/22/1963,M
9/20/1930,12/25/1975,M
9/26/1930,10/1/1976,M
9/28/1930,8/20/1958,M
10/3/1930,3/9/1988,F
10/15/1930,5/6/1942,M
10/23/1930,4/22/1975,F
10/27/1930,2/27/1953,M
11/1/1930,6/10/1994,F
11/8/1930,6/11/1972,M
11/9/1930,10/11/1961,M
11/12/1930,3/13/1974,F
11/16/1930,6/28/1937,M
11/25/1930,10/10/1953,M
11/25/1930,11/26/1978,M
12/9/1930,12/3/1959,F
1/2/1931,6/16/1968,M
1/14/1931,8/19/1948,M
1/18/1931,10/30/1966,F
1/24/1931,2/11/1936,M
2/9/1931,10/2/1968,F
2/16/1931,12/16/1934,M
2/16/1931,12/8/1978,F
2/23/1931,6/3/1990,M
3/6/1931,6/20/1983,M
3/9/1931,9/19/1968,F
3/12/1931,4/21/1950,M
3/20/1931,7/23/1977,M
3/29/1931,11/28/1987,F
4/12/1931,5/18/1975,F
4/28/1931,5/23/1988,F
5/6/1931,8/25/1961,F
5/20/1931,5/1/1991,F
5/23/1931,7/22/1957,M
5/24/1931,7/31/1968,M
5/30/1931,10/26/1984,F
6/4/1931,1/27/1974,M
6/8/1931,12/9/1963,M
6/16/1931,6/5/1964,M
7/1/1931,6/21/1973,M
7/11/1931,11/26/1936,F
7/14/1931,3/17/1941,F
7/14/1931,12/1/1949,F
8/3/1931,9/5/1969,F
8/10/1931,11/30/1978,F
8/20/1931,12/31/1966,M
9/10/1931,3/18/1992,F
9/18/1931,11/7/1937,M
10/4/1931,11/18/1946,F
10/14/1931,4/16/1963,M
10/18/1931,7/8/1968,M
10/24/1931,9/22/1984,M
11/1/1931,12/2/1942,F
11/15/1931,4/10/1965,M
11/22/1931,6/15/1939,M
11/27/1931,3/11/1969,M
12/10/1931,2/21/1954,F
1/4/1932,6/7/1965,F
1/20/1932,9/30/1937,M
1/28/1932,12/9/1963,M
2/6/1932,12/12/1968,F
2/10/1932,6/15/1955,F
2/13/1932,3/6/1955,F
2/14/1932,10/5/1934,M
2/14/1932,10/29/1941,M
2/14/1932,8/29/1975,M
2/24/1932,5/7/1976,M
2/27/1932,3/8/1935,M
3/8/1932,6/5/1973,M
3/10/1932,4/14/1994,M
4/6/1932,3/17/1957,M
5/13/1932,2/11/1938,M
5/23/1932,3/24/1936,M
6/9/1932,7/25/1936,F
6/16/1932,5/1/1940,F
6/20/1932,2/18/1996,F
6/25/1932,8/11/1961,F
6/29/1932,11/10/1961,F
7/7/1932,5/19/1958,M
7/20/1932,3/31/1953,F
7/24/1932,7/15/1938,M
7/25/1932,2/13/1990,M
8/3/1932,7/5/1945,F
8/29/1932,12/20/1968,F
8/30/1932,3/12/1938,M
8/30/1932,7/25/1971,F
9/1/1932,8/19/1963,F
9/4/1932,1/12/1938,M
9/7/1932,3/5/1975,M
9/26/1932,11/28/1990,F
9/28/1932,11/29/1935,F
10/6/1932,12/7/1953,M
10/29/1932,3/12/1962,M
11/13/1932,4/26/1982,F
11/19/1932,6/30/1969,M
11/27/1932,4/17/1979,M
12/22/1932,9/10/1952,M
12/24/1932,9/26/1936,F
12/28/1932,12/17/1963,F
12/29/1932,11/10/1954,F
1/3/1933,7/24/1963,F
1/4/1933,11/20/1957,M
1/10/1933,2/18/1946,M
2/5/1933,11/1/1982,M
2/8/1933,9/24/1988,F
2/21/1933,3/11/1946,M
2/26/1933,10/19/1969,M
3/3/1933,12/4/1948,M
3/20/1933,10/13/1998,M
3/30/1933,9/27/1988,F
4/12/1933,2/20/1990,F
4/19/1933,3/11/1943,F
4/19/1933,6/21/1994,M
4/21/1933,11/23/1954,M
4/21/1933,4/17/1992,M
4/26/1933,8/1/1958,M
4/27/1933,11/3/1941,F
5/2/1933,8/28/1945,M
5/3/1933,1/28/1945,M
5/27/1933,4/1/1958,M
6/14/1933,11/25/1976,F
6/21/1933,11/3/1958,M
7/2/1933,5/25/1940,F
7/4/1933,6/8/1937,M
7/9/1933,5/13/1997,M
7/10/1933,12/3/1964,F
7/24/1933,2/23/1948,M
8/5/1933,3/16/1978,M
8/20/1933,4/19/1966,M
8/22/1933,11/16/1956,F
8/23/1933,1/2/1999,F
9/5/1933,10/25/1953,M
9/14/1933,3/17/1955,M
9/16/1933,1/5/1952,M
9/16/1933,9/21/1980,F
9/27/1933,1/31/1957,F
9/28/1933,6/21/1944,F
10/2/1933,8/21/1960,F
10/3/1933,10/6/1987,F
10/4/1933,8/17/1967,M
10/7/1933,6/6/1939,F
10/15/1933,1/29/1999,M
10/19/1933,9/19/1971,F
10/21/1933,5/1/1981,F
10/24/1933,11/1/1945,F
10/30/1933,5/4/1949,M
11/6/1933,10/10/1969,F
11/7/1933,12/26/1950,M
11/9/1933,2/8/1974,F
11/12/1933,3/17/1973,M
11/13/1933,5/30/1977,F
11/18/1933,6/30/1957,M
11/23/1933,12/8/1997,F
12/3/1933,4/6/1981,M
12/7/1933,5/22/1952,M
12/9/1933,8/13/1962,M
12/21/1933,2/8/1989,F
1/3/1934,11/16/1951,F
1/4/1934,10/13/1963,F
1/5/1934,12/9/1962,F
1/5/1934,4/15/1963,F
1/9/1934,4/7/1957,F
1/25/1934,3/27/1965,M
2/4/1934,2/18/1953,M
2/9/1934,1/2/1943,M
2/10/1934,4/28/1968,M
2/15/1934,11/29/1957,F
2/16/1934,7/25/1999,M
2/22/1934,3/10/1971,M
2/27/1934,4/21/1963,M
3/1/1934,10/16/1988,M
3/2/1934,10/10/1945,F
3/5/1934,8/23/1947,F
3/13/1934,12/28/1966,F
3/18/1934,12/26/1955,F
3/18/1934,5/2/1998,F
3/27/1934,11/10/1977,F
4/2/1934,1/4/1992,F
4/9/1934,9/12/1961,M
4/10/1934,2/17/1964,F
4/17/1934,1/19/1963,M
4/25/1934,7/15/1960,F
4/30/1934,6/26/1956,F
4/30/1934,8/8/1989,M
5/8/1934,8/15/1958,F
6/5/1934,2/5/1951,M
6/13/1934,9/15/1936,F
6/18/1934,1/1/1945,M
7/1/1934,4/7/1963,F
7/10/1934,2/26/1935,M
7/16/1934,12/30/1993,F
7/21/1934,1/20/1979,M
7/25/1934,12/2/1990,F
8/8/1934,3/10/1944,M
8/12/1934,12/13/1954,M
8/18/1934,7/12/1947,F
9/4/1934,9/11/1990,F
9/14/1934,6/23/1938,M
10/2/1934,6/10/1996,M
10/16/1934,11/1/1935,M
11/6/1934,11/12/1985,F
11/7/1934,10/20/1960,F
12/10/1934,3/8/1972,F
12/19/1934,3/6/1949,F
12/26/1934,7/21/1980,M
12/27/1934,7/17/1964,M
12/29/1934,12/15/1937,F
12/30/1934,7/5/1939,M
1/12/1935,7/4/1958,F
1/12/1935,1/9/1979,M
2/1/1935,9/13/1971,M
2/5/1935,5/8/1982,M
2/14/1935,5/7/1937,F
2/22/1935,8/16/1942,M
2/24/1935,11/21/1998,M
3/4/1935,8/19/1978,F
3/10/1935,5/13/1937,F
3/15/1935,4/26/1941,F
3/23/1935,3/19/1973,F
3/25/1935,6/27/1989,F
3/25/1935,1/26/1992,F
3/27/1935,4/25/1940,M
3/27/1935,2/24/1943,F
4/14/1935,7/4/1968,F
4/18/1935,6/11/1984,F
5/2/1935,3/5/1982,F
5/3/1935,5/24/1971,M
5/5/1935,6/11/1966,F
5/11/1935,7/17/1970,F
5/15/1935,12/5/1976,F
5/20/1935,10/10/1996,M
5/22/1935,1/31/1939,M
5/22/1935,6/24/1939,M
6/3/1935,2/25/1959,M
6/4/1935,4/28/1993,F
6/12/1935,6/20/1952,F
6/12/1935,7/29/1953,F
6/13/1935,5/10/1944,F
7/4/1935,5/8/1963,M
7/5/1935,12/6/1949,F
7/9/1935,1/4/1963,F
7/12/1935,10/24/1980,M
7/20/1935,2/27/1991,M
7/24/1935,12/7/1944,F
7/24/1935,11/4/1972,F
7/25/1935,4/19/1964,F
7/26/1935,2/22/1977,M
8/1/1935,10/13/1974,F
8/2/1935,8/9/1982,F
8/3/1935,10/17/1937,F
8/3/1935,11/13/1999,F
8/8/1935,2/15/1957,F
8/8/1935,8/19/1993,F
9/4/1935,7/24/1945,M
9/10/1935,3/13/1988,M
11/4/1935,9/19/1949,F
11/10/1935,1/28/1952,F
12/14/1935,7/9/1991,F
1/1/1936,6/12/1951,F
1/8/1936,3/29/1954,F
1/12/1936,10/17/1989,F
1/17/1936,6/27/1943,F
1/19/1936,6/19/1982,M
1/23/1936,2/4/1946,F
2/13/1936,6/19/1975,M
2/20/1936,10/13/1989,F
3/1/1936,3/27/1972,M
3/14/1936,5/17/1964,M
3/25/1936,5/13/1993,M
4/10/1936,11/14/1947,F
4/13/1936,7/15/1964,F
4/26/1936,5/27/1942,F
4/30/1936,3/26/1949,M
5/2/1936,6/18/1945,F
5/3/1936,8/12/1943,F
5/11/1936,8/9/1950,F
5/14/1936,5/15/1948,M
5/27/1936,12/27/1992,F
6/4/1936,5/4/1954,F
6/7/1936,1/15/1938,F
6/20/1936,9/19/1959,F
6/27/1936,6/27/1983,F
7/9/1936,1/6/1983,F
7/13/1936,1/8/1981,F
7/15/1936,3/29/1958,M
7/16/1936,11/13/1986,M
7/28/1936,7/5/1955,F
8/3/1936,9/11/1988,F
8/8/1936,8/19/1993,M
8/24/1936,9/9/1958,M
9/6/1936,3/31/1978,M
9/24/1936,8/14/1990,F
10/8/1936,4/9/1974,M
10/10/1936,2/13/1977,F
10/23/1936,5/24/1997,M
11/5/1936,1/4/1954,M
11/11/1936,1/22/1994,M
11/30/1936,11/25/1988,M
12/14/1936,6/9/1941,M
12/16/1936,3/28/1991,M
12/18/1936,1/4/1961,F
12/18/1936,5/8/1986,M
12/22/1936,2/9/1992,M
1/5/1937,4/11/1993,F
1/8/1937,4/14/1972,M
1/14/1937,12/6/1983,M
2/4/1937,7/21/1958,F
2/13/1937,5/27/1997,M
2/17/1937,7/3/1972,F
3/19/1937,5/6/1946,F
3/20/1937,6/25/1985,M
3/25/1937,3/10/1941,M
4/10/1937,12/20/1948,F
4/27/1937,9/1/1944,F
4/29/1937,5/1/1951,F
5/3/1937,5/10/1968,F
5/9/1937,3/8/1969,F
5/10/1937,1/18/1947,M
5/15/1937,1/3/1957,M
5/26/1937,3/27/1947,M
6/3/1937,2/18/1968,F
6/14/1937,3/19/1942,F
6/18/1937,2/10/1995,F
6/23/1937,10/16/1962,F
6/27/1937,4/16/1942,M
7/7/1937,10/17/1995,F
7/8/1937,4/6/1999,F
8/16/1937,1/27/1979,F
8/18/1937,7/14/1955,F
8/28/1937,2/5/1995,M
9/7/1937,8/31/1970,M
9/10/1937,1/22/1942,F
9/11/1937,1/17/1971,F
9/15/1937,11/29/1996,F
9/26/1937,11/17/1944,M
10/1/1937,9/27/1945,M
10/3/1937,12/19/1969,M
10/7/1937,9/4/1978,F
10/8/1937,4/8/1964,M
10/29/1937,2/22/1991,M
11/15/1937,3/27/1938,M
11/26/1937,10/1/1950,M
12/8/1937,3/9/1950,F
12/10/1937,6/9/1964,M
12/12/1937,4/19/1948,M
12/29/1937,1/5/1961,M
12/29/1937,7/12/1968,F
1/24/1938,1/17/1964,M
2/17/1938,6/11/1996,F
2/22/1938,8/13/1953,M
3/19/1938,8/22/1957,M
3/27/1938,12/26/1983,M
4/2/1938,9/19/1977,M
4/5/1938,9/29/1965,F
5/3/1938,4/22/1996,M
5/6/1938,11/14/1990,F
5/18/1938,11/20/1977,F
7/3/1938,1/6/1999,F
7/27/1938,8/7/1945,M
8/2/1938,9/12/1971,M
8/5/1938,11/2/1940,M
8/9/1938,1/11/1961,M
8/9/1938,8/10/1995,F
8/24/1938,9/3/1971,F
9/20/1938,3/15/1976,F
9/23/1938,6/15/1990,M
9/27/1938,3/23/1989,F
10/6/1938,10/12/1950,M
10/12/1938,3/27/1985,F
10/21/1938,11/7/1947,F
12/7/1938,9/9/1996,M
12/18/1938,8/28/1958,M
1/7/1939,6/24/1952,F
1/9/1939,9/14/1966,F
1/14/1939,2/15/1951,F
1/28/1939,11/4/1954,F
2/12/1939,5/5/1975,F
2/19/1939,5/9/1950,F
2/22/1939,3/27/1953,F
2/27/1939,12/6/1971,M
3/12/1939,1/3/1971,M
3/12/1939,8/2/1971,M
3/24/1939,8/22/1994,M
3/26/1939,3/7/1982,M
4/11/1939,5/24/1943,F
4/14/1939,1/7/1994,M
4/15/1939,2/27/1952,M
4/19/1939,12/24/1942,F
4/20/1939,9/26/1972,M
4/21/1939,11/7/1991,F
4/30/1939,2/23/1975,F
5/3/1939,8/26/1958,M
5/5/1939,9/27/1986,F
5/21/1939,5/16/1977,M
5/29/1939,3/24/1951,F
5/30/1939,4/21/1957,F
6/10/1939,5/5/1940,M
6/12/1939,10/25/1983,F
6/21/1939,4/11/1965,F
6/26/1939,8/21/1976,M
6/27/1939,4/23/1966,F
6/29/1939,3/4/1945,M
7/8/1939,2/19/1966,F
7/9/1939,4/24/1997,M
7/19/1939,11/1/1947,M
7/21/1939,12/28/1999,M
7/22/1939,3/22/1945,M
7/22/1939,8/18/1951,M
7/29/1939,4/1/1952,F
7/29/1939,1/15/1971,F
8/8/1939,3/8/1961,M
8/9/1939,11/5/1991,M
8/20/1939,9/8/1960,F
8/22/1939,10/18/1990,F
8/23/1939,12/1/1994,M
9/9/1939,1/15/1994,F
9/11/1939,2/3/1973,M
9/12/1939,3/4/1972,M
10/3/1939,4/23/1988,F
10/4/1939,1/2/1979,F
11/16/1939,12/20/1951,M
11/18/1939,3/13/1948,F
11/20/1939,6/10/1972,M
12/1/1939,9/27/1983,F
12/13/1939,11/30/1981,F
12/18/1939,3/23/1947,M
12/20/1939,11/10/1959,F
12/20/1939,11/16/1986,F
12/21/1939,1/26/1996,M
1/17/1940,1/20/1984,M
1/23/1940,2/12/1945,M
1/26/1940,3/1/1976,F
2/13/1940,4/8/1950,F
2/17/1940,6/1/1946,M
2/25/1940,5/22/1946,F
3/2/1940,7/5/1941,F
3/8/1940,4/15/1993,M
3/10/1940,1/26/1971,F
3/11/1940,9/13/1963,M
3/14/1940,1/4/1996,M
3/17/1940,5/4/1957,F
4/16/1940,2/20/1977,F
4/22/1940,6/8/1947,M
4/28/1940,9/30/1968,M
5/18/1940,8/14/1965,M
5/18/1940,11/15/1978,F
5/27/1940,10/16/1986,F
6/7/1940,6/4/1947,F
6/15/1940,11/21/1945,F
6/28/1940,12/11/1952,F
6/30/1940,1/5/1958,M
7/14/1940,3/17/1985,F
7/19/1940,8/1/1976,M
8/14/1940,2/13/1953,M
8/15/1940,12/28/1956,F
9/9/1940,12/9/1973,M
9/13/1940,8/31/1952,M
9/23/1940,10/11/1962,M
10/13/1940,12/22/1980,F
10/26/1940,7/24/1966,M
10/27/1940,11/6/1991,F
11/4/1940,4/2/1954,F
11/11/1940,4/11/1944,F
12/3/1940,7/20/1986,M
12/14/1940,10/27/1952,F
12/18/1940,1/14/1993,F
12/20/1940,11/11/1961,M
12/25/1940,8/9/1956,F
1/11/1941,1/8/1997,M
1/26/1941,5/22/1962,F
2/10/1941,3/29/1966,F
2/12/1941,8/19/1970,M
2/15/1941,10/5/1982,M
2/16/1941,9/28/1966,M
2/17/1941,4/23/1982,M
2/19/1941,10/9/1950,F
2/24/1941,1/4/1953,M
2/24/1941,9/17/1981,F
3/2/1941,5/25/1990,M
3/7/1941,6/27/1954,M
3/12/1941,9/27/1957,F
4/20/1941,11/20/1953,F
5/1/1941,2/10/1956,M
5/21/1941,8/24/1998,F
5/22/1941,2/2/1944,M
6/2/1941,1/22/1968,M
6/25/1941,11/5/1942,M
7/1/1941,8/28/1963,M
7/3/1941,7/6/1952,F
7/14/1941,6/8/1996,M
7/16/1941,12/18/1966,F
8/4/1941,1/30/1982,F
9/8/1941,4/9/1980,F
9/11/1941,3/4/1984,F
9/21/1941,8/1/1976,F
9/21/1941,1/29/1980,M
9/26/1941,12/8/1987,M
9/30/1941,3/14/1951,F
10/13/1941,9/29/1957,M
10/15/1941,10/16/1961,M
10/29/1941,10/5/1967,M
11/18/1941,4/7/1950,M
11/20/1941,2/21/1998,M
11/30/1941,1/17/1955,M
12/2/1941,12/29/1972,M
12/8/1941,2/14/1949,M
12/9/1941,4/7/1993,M
12/13/1941,2/17/1970,M
12/22/1941,2/28/1953,M
12/25/1941,6/7/1960,F
1/16/1942,6/11/1983,F
1/20/1942,12/18/1952,F
1/24/1942,9/1/1944,F
2/3/1942,4/13/1975,M
2/19/1942,8/14/1996,F
2/26/1942,1/13/1989,F
3/26/1942,7/30/1976,F
4/1/1942,12/21/1952,M
4/15/1942,5/10/1967,M
4/16/1942,12/22/1944,F
4/22/1942,5/8/1955,M
5/7/1942,4/22/1949,M
5/15/1942,12/28/1984,F
6/11/1942,11/6/1969,M
6/15/1942,9/22/1986,F
6/16/1942,2/17/1963,M
6/17/1942,1/3/1957,M
7/12/1942,4/7/1985,M
7/20/1942,12/20/1966,M
7/29/1942,7/9/1959,M
8/19/1942,11/7/1950,F
8/20/1942,4/10/1980,F
9/6/1942,11/21/1971,M
9/24/1942,1/12/1976,F
10/3/1942,8/14/1972,F
10/11/1942,9/13/1954,F
11/2/1942,5/10/1995,M
11/3/1942,7/9/1950,F
12/8/1942,3/21/1945,F
12/18/1942,1/15/1970,M
12/20/1942,7/3/1953,F
12/22/1942,8/17/1978,F
1/4/1943,12/17/1951,M
1/9/1943,1/13/1947,F
1/9/1943,4/26/1973,F
1/20/1943,8/7/1969,F
1/30/1943,5/11/1973,F
2/1/1943,10/21/1958,M
2/3/1943,5/3/1983,F
2/4/1943,10/8/1979,M
2/8/1943,9/15/1961,F
2/16/1943,8/24/1954,M
2/20/1943,6/25/1946,M
2/20/1943,2/4/1969,F
2/24/1943,10/2/1950,M
3/9/1943,10/12/1968,M
3/9/1943,2/15/1985,F
3/13/1943,5/16/1959,M
3/14/1943,3/3/1986,M
3/20/1943,7/10/1945,M
3/25/1943,8/18/1950,M
3/27/1943,10/22/1946,M
3/27/1943,8/28/1963,F
4/12/1943,9/10/1977,M
4/18/1943,6/2/1947,M
4/22/1943,11/27/1964,M
4/26/1943,3/8/1998,M
5/2/1943,8/16/1960,M
5/12/1943,9/6/1970,M
5/17/1943,2/25/1985,F
5/24/1943,2/10/1997,M
5/29/1943,7/2/1966,F
6/1/1943,8/21/1949,M
6/8/1943,12/4/1981,F
6/14/1943,8/5/1945,F
6/21/1943,4/11/1956,M
7/4/1943,5/4/1980,F
8/4/1943,4/28/1969,F
8/8/1943,7/15/1955,M
8/9/1943,6/17/1946,M
8/12/1943,6/17/1989,F
8/18/1943,10/10/1986,F
9/2/1943,1/22/1972,F
9/4/1943,10/26/1997,F
9/13/1943,10/13/1977,F
9/15/1943,9/22/1993,F
9/21/1943,1/20/1953,M
10/1/1943,1/12/1960,M
10/7/1943,11/30/1948,F
10/17/1943,7/2/1997,F
11/2/1943,6/18/1957,M
11/9/1943,4/11/1991,F
11/27/1943,12/8/1970,M
12/27/1943,4/26/1987,F
1/9/1944,6/6/1968,M
1/10/1944,6/4/1991,F
1/29/1944,11/8/1988,M
2/1/1944,12/6/1973,M
2/5/1944,10/19/1963,F
2/7/1944,8/23/1989,F
2/17/1944,10/15/1974,F
2/24/1944,6/2/1969,M
2/26/1944,7/19/1984,F
3/10/1944,10/11/1971,F
4/3/1944,7/21/1957,M
4/5/1944,7/24/1970,F
4/9/1944,1/30/1995,F
4/16/1944,4/4/1973,F
4/21/1944,5/2/1981,F
4/21/1944,1/2/1999,F
4/26/1944,11/21/1989,M
4/26/1944,2/8/1997,F
4/30/1944,10/31/1999,M
5/2/1944,6/29/1976,M
5/3/1944,4/28/1966,F
5/4/1944,5/31/1970,F
5/15/1944,11/19/1981,F
6/11/1944,10/26/1965,F
6/15/1944,1/2/1967,F
6/30/1944,8/6/1968,F
7/13/1944,12/9/1963,F
7/22/1944,8/23/1960,F
7/24/1944,10/20/1951,F
8/6/1944,7/19/1989,F
8/10/1944,2/27/1967,M
8/18/1944,7/21/1955,M
8/19/1944,10/2/1972,F
9/6/1944,5/21/1950,F
9/19/1944,7/16/1950,F
9/27/1944,5/29/1982,F
10/1/1944,2/7/1949,M
10/12/1944,1/29/1970,F
10/23/1944,6/8/1978,M
10/24/1944,10/23/1963,F
10/26/1944,8/1/1996,F
10/29/1944,12/15/1982,M
10/30/1944,8/8/1953,M
11/20/1944,7/19/1991,M
11/22/1944,9/20/1974,F
11/28/1944,12/5/1955,F
12/8/1944,10/8/1963,F
12/10/1944,9/15/1994,F
12/16/1944,8/4/1957,M
12/28/1944,4/25/1969,F
1/1/1945,1/5/1958,M
1/1/1945,9/11/1997,F
1/3/1945,3/21/1976,F
1/10/1945,6/25/1972,M
1/14/1945,7/8/1974,M
1/28/1945,8/12/1968,M
2/7/1945,5/27/1963,M
2/10/1945,8/29/1975,M
2/13/1945,6/19/1994,F
2/14/1945,2/23/1981,F
2/16/1945,5/28/1950,F
2/22/1945,7/29/1955,F
3/13/1945,2/12/1971,M
3/19/1945,2/2/1977,M
3/20/1945,2/13/1992,M
3/28/1945,5/16/1955,F
3/30/1945,9/2/1961,F
4/9/1945,12/26/1997,F
4/10/1945,2/24/1951,F
4/14/1945,3/19/1968,M
5/3/1945,11/15/1958,F
5/17/1945,10/23/1970,F
5/25/1945,8/21/1967,F
6/5/1945,9/18/1963,F
6/17/1945,11/26/1954,F
6/21/1945,10/29/1991,F
6/29/1945,6/13/1961,F
7/1/1945,8/23/1966,F
7/10/1945,10/7/1983,M
7/10/1945,7/18/1984,F
7/12/1945,5/8/1974,F
7/18/1945,8/15/1980,F
7/18/1945,3/20/1997,M
7/22/1945,2/22/1974,F
8/1/1945,12/7/1963,M
8/3/1945,1/27/1989,M
8/10/1945,5/14/1982,F
8/15/1945,4/9/1984,F
8/17/1945,7/3/1972,F
8/19/1945,9/24/1992,M
8/21/1945,8/28/1951,F
8/29/1945,1/13/1995,F
8/30/1945,12/19/1994,M
9/3/1945,3/29/1991,M
9/18/1945,7/28/1975,F
10/13/1945,3/27/1966,F
11/3/1945,6/8/1997,F
11/8/1945,11/15/1994,M
11/10/1945,9/26/1993,F
12/10/1945,5/29/1952,F
12/16/1945,7/12/1971,M
12/16/1945,2/13/1985,M
1/3/1946,12/5/1965,F
2/1/1946,9/17/1975,F
2/11/1946,1/25/1958,F
2/15/1946,5/1/1990,F
2/16/1946,1/13/1972,M
2/24/1946,10/28/1959,F
3/6/1946,8/10/1989,F
5/14/1946,4/8/1978,F
5/14/1946,7/21/1983,M
6/18/1946,6/3/1973,F
7/8/1946,3/27/1947,F
7/10/1946,1/11/1981,F
7/19/1946,10/20/1984,F
7/21/1946,5/22/1996,M
7/30/1946,2/8/1972,F
8/1/1946,3/5/1975,M
8/23/1946,2/25/1995,F
9/4/1946,5/2/1994,M
9/22/1946,4/29/1976,M
10/4/1946,5/10/1994,M
10/9/1946,4/13/1994,F
10/16/1946,4/3/1989,F
10/23/1946,1/10/1991,F
10/24/1946,2/16/1963,F
11/1/1946,5/30/1995,F
11/2/1946,10/15/1966,M
11/5/1946,1/26/1966,M
11/6/1946,5/29/1951,F
11/19/1946,6/12/1956,M
11/24/1946,11/23/1959,M
1/1/1947,1/29/1986,M
1/8/1947,4/30/1976,F
1/16/1947,3/8/1964,F
1/20/1947,1/22/1974,M
2/12/1947,7/13/1999,M
2/26/1947,5/17/1978,M
3/7/1947,5/14/1987,F
4/7/1947,4/23/1947,M
4/23/1947,5/3/1950,M
4/25/1947,1/9/1969,M
4/26/1947,7/19/1999,M
5/3/1947,8/6/1992,F
5/27/1947,5/3/1953,M
6/10/1947,8/3/1947,F
6/19/1947,4/26/1969,F
7/29/1947,12/11/1976,M
8/10/1947,11/11/1958,M
8/14/1947,4/6/1986,M
8/16/1947,6/19/1958,F
9/11/1947,8/8/1991,F
9/16/1947,2/2/1978,M
9/18/1947,5/10/1959,F
9/25/1947,1/24/1979,M
9/29/1947,2/2/1985,M
11/2/1947,4/28/1949,F
11/10/1947,6/29/1979,F
11/24/1947,4/24/1992,M
12/15/1947,4/20/1952,M
12/23/1947,12/5/1974,M
12/25/1947,10/6/1982,M
12/25/1947,7/21/1990,M
1/10/1948,6/2/1965,M
1/10/1948,4/27/1989,F
2/14/1948,5/4/1962,M
3/17/1948,12/5/1990,M
3/26/1948,4/3/1967,F
4/7/1948,12/2/1956,M
4/15/1948,2/20/1994,M
4/17/1948,6/4/1967,M
4/17/1948,7/25/1977,F
4/27/1948,5/1/1981,M
5/12/1948,9/14/1950,F
5/16/1948,8/4/1970,F
5/30/1948,8/11/1955,M
6/5/1948,12/19/1954,M
6/5/1948,4/18/1975,M
6/5/1948,4/23/1978,M
6/14/1948,11/25/1988,M
6/16/1948,9/20/1953,M
6/20/1948,1/22/1998,M
6/27/1948,4/21/1998,F
6/28/1948,5/10/1964,M
6/29/1948,8/26/1952,F
7/2/1948,10/3/1998,F
7/3/1948,1/23/1969,M
7/6/1948,6/15/1983,M
7/10/1948,7/4/1970,M
7/14/1948,11/12/1998,F
7/21/1948,11/24/1983,M
7/27/1948,11/25/1952,F
7/30/1948,3/25/1976,F
8/11/1948,8/11/1952,F
8/19/1948,11/9/1992,F
9/9/1948,7/12/1971,F
9/16/1948,4/10/1984,F
9/20/1948,10/24/1984,M
9/24/1948,11/14/1980,M
10/7/1948,9/26/1973,M
10/8/1948,4/1/1958,F
10/14/1948,5/30/1994,M
10/16/1948,8/14/1983,M
10/20/1948,10/21/1973,F
10/24/1948,4/28/1972,F
10/25/1948,3/1/1965,M
11/1/1948,5/8/1953,F
11/2/1948,10/28/1968,M
11/9/1948,1/25/1978,M
12/12/1948,9/3/1986,M
12/17/1948,7/21/1955,M
12/22/1948,2/8/1980,M
12/29/1948,9/4/1968,F
1/12/1949,6/27/1962,M
1/23/1949,11/26/1990,F
1/24/1949,1/5/1994,M
1/26/1949,9/3/1983,M
2/6/1949,1/9/1954,F
2/10/1949,6/29/1993,M
2/15/1949,9/18/1977,F
2/23/1949,6/16/1991,F
2/25/1949,3/28/1993,M
4/9/1949,6/25/1976,F
4/15/1949,6/29/1967,M
4/23/1949,8/28/1972,M
5/1/1949,5/27/1971,F
5/25/1949,1/31/1958,M
5/29/1949,7/21/1994,M
6/10/1949,8/20/1964,M
6/30/1949,6/27/1996,F
7/26/1949,5/31/1980,M
8/6/1949,1/25/1956,F
8/13/1949,5/16/1950,F
8/17/1949,8/27/1977,M
8/19/1949,3/5/1950,M
8/29/1949,11/21/1960,M
9/12/1949,7/20/1962,F
10/7/1949,8/24/1994,F
10/19/1949,3/17/1996,M
10/21/1949,3/5/1958,M
10/22/1949,11/7/1972,M
10/22/1949,10/5/1995,F
11/8/1949,9/20/1987,M
11/12/1949,2/11/1952,F
11/23/1949,8/11/1999,F
11/29/1949,10/26/1960,M
11/30/1949,10/24/1986,M
1/16/1950,6/5/1997,F
1/25/1950,7/29/1997,F
2/3/1950,6/27/1962,M
2/17/1950,1/11/1989,F
3/4/1950,8/8/1965,M
3/5/1950,10/16/1956,M
3/11/1950,4/20/1979,F
3/13/1950,3/21/1961,F
3/21/1950,2/13/1956,M
5/5/1950,4/19/1964,F
6/5/1950,8/7/1965,M
6/30/1950,10/27/1961,M
7/5/1950,10/29/1953,F
7/28/1950,5/16/1994,F
8/2/1950,10/2/1987,F
8/14/1950,2/5/1966,F
8/22/1950,5/22/1962,F
9/8/1950,2/9/1973,M
9/19/1950,8/26/1995,F
10/21/1950,12/9/1995,M
11/3/1950,3/14/1983,F
11/15/1950,4/5/1992,M
11/19/1950,3/12/1967,M
11/21/1950,10/16/1971,F
11/29/1950,3/16/1953,F
2/8/1951,9/23/1994,F
2/11/1951,1/30/1959,M
2/15/1951,8/18/1973,F
2/19/1951,12/28/1965,M
2/20/1951,12/22/1972,M
3/6/1951,11/7/1990,F
3/18/1951,2/17/1952,F
4/1/1951,3/9/1990,M
4/9/1951,9/9/1953,M
4/11/1951,8/31/1974,F
4/16/1951,10/14/1999,M
4/24/1951,11/9/1967,F
5/5/1951,4/8/1986,M
5/18/1951,5/18/1985,M
5/29/1951,8/17/1968,M
6/10/1951,11/26/1960,M
6/12/1951,11/11/1970,F
6/29/1951,10/19/1979,F
7/2/1951,3/15/1982,F
7/23/1951,2/21/1954,M
7/25/1951,9/10/1961,F
8/7/1951,7/1/1980,M
8/8/1951,4/2/1966,M
8/9/1951,2/1/1999,M
8/10/1951,12/23/1956,M
8/13/1951,7/7/1970,F
8/19/1951,10/10/1988,F
9/3/1951,10/30/1975,M
9/6/1951,3/25/1954,M
9/17/1951,7/4/1965,M
9/20/1951,6/23/1988,F
9/23/1951,10/21/1972,M
9/28/1951,1/31/1976,M
10/6/1951,1/6/1999,F
11/2/1951,9/5/1969,F
11/6/1951,6/6/1996,M
11/16/1951,10/3/1992,F
11/28/1951,5/3/1984,F
11/29/1951,8/16/1995,F
12/7/1951,1/9/1969,M
12/7/1951,7/5/1976,F
12/9/1951,6/29/1952,F
12/16/1951,8/1/1986,M
12/18/1951,1/13/1977,F
12/25/1951,10/9/1996,M
12/26/1951,8/30/1989,M
1/25/1952,10/25/1962,M
1/25/1952,8/29/1998,F
1/28/1952,11/18/1972,M
2/7/1952,5/15/1988,M
2/15/1953,10/24/1975,M
3/15/1952,3/18/1968,F
3/16/1952,1/26/1987,F
3/22/1952,10/5/1962,F
3/30/1952,6/17/1975,F
4/1/1952,7/24/1968,F
4/6/1952,11/14/1992,M
4/10/1952,5/12/1964,F
4/10/1952,7/28/1990,F
4/28/1952,1/8/1978,M
5/7/1952,5/22/1985,F
5/8/1952,5/27/1986,F
5/26/1952,10/8/1960,M
6/5/1952,1/4/1985,F
6/6/1952,9/17/1977,F
6/16/1952,12/25/1963,M
7/2/1952,7/31/1984,M
7/17/1952,5/22/1953,M
7/17/1952,10/4/1986,M
8/3/1952,9/29/1999,M
8/6/1952,6/7/1970,F
8/13/1952,8/2/1986,F
8/18/1952,8/9/1989,F
8/22/1952,2/25/1962,M
8/22/1952,10/5/1975,M
9/30/1952,4/16/1985,M
11/15/1952,2/13/1992,M
11/25/1952,2/11/1982,F
11/28/1952,10/8/1958,M
12/6/1952,4/12/1982,F
12/8/1952,5/23/1981,M
12/26/1952,3/23/1984,M
1/7/1953,4/29/1988,F
1/19/1953,8/13/1969,F
2/12/1953,1/15/1991,F
2/19/1953,5/19/1967,F
2/28/1953,7/3/1961,F
3/10/1953,4/11/1982,F
3/14/1953,12/22/1959,F
4/9/1953,9/8/1987,F
4/12/1953,7/9/1954,M
4/20/1953,12/11/1959,M
5/5/1953,6/17/1968,F
5/20/1953,2/21/1998,M
5/25/1953,10/11/1970,F
6/13/1953,7/14/1964,M
7/9/1953,6/1/1995,M
8/27/1953,8/28/1995,M
9/5/1953,7/10/1959,M
9/21/1953,8/4/1989,F
10/2/1953,2/1/1969,F
10/4/1953,10/4/1967,M
10/26/1953,12/4/1958,M
11/7/1953,9/29/1986,F
11/22/1953,10/10/1964,M
12/4/1953,4/2/1990,M
12/14/1953,8/19/1958,M
12/23/1953,4/3/1998,M
12/24/1953,4/7/1974,M
1/19/1954,5/18/1977,M
1/28/1954,10/14/1997,F
2/13/1954,5/6/1966,M
2/23/1954,4/1/1977,F
3/10/1954,3/26/1966,F
4/2/1954,2/8/1990,M
4/23/1954,7/9/1963,M
6/12/1954,5/10/1967,M
7/25/1954,12/28/1956,M
7/29/1954,11/23/1976,F
8/9/1954,11/14/1965,M
8/13/1954,12/1/1961,M
8/13/1954,6/20/1986,M
8/20/1954,11/7/1956,F
9/1/1954,5/1/1989,F
10/16/1954,4/8/1975,F
10/21/1954,1/15/1994,F
10/22/1954,1/11/1972,F
10/28/1954,2/13/1989,M
11/20/1954,7/24/1959,M
12/3/1954,2/14/1977,M
12/11/1954,3/26/1957,M
12/24/1954,10/17/1993,F
1/2/1955,9/2/1971,M
1/14/1955,2/6/1971,M
2/4/1955,3/28/1973,M
2/12/1955,1/2/1956,F
2/18/1955,12/25/1972,F
3/4/1955,8/9/1963,M
3/13/1955,2/27/1982,F
3/18/1955,1/17/1983,M
3/19/1955,9/28/1990,F
3/20/1955,7/30/1972,M
3/24/1955,7/17/1995,F
3/25/1955,9/12/1999,M
4/3/1955,12/12/1994,F
4/7/1955,7/18/1964,M
4/10/1955,1/26/1992,F
4/26/1955,12/3/1999,F
6/8/1955,10/19/1969,M
6/23/1955,5/27/1998,F
7/11/1955,8/24/1958,F
7/19/1955,12/9/1980,M
7/25/1955,9/25/1990,F
7/28/1955,9/4/1965,F
8/12/1955,9/14/1998,M
8/16/1955,7/1/1979,M
8/17/1955,5/28/1996,F
8/20/1955,11/26/1986,F
8/20/1955,8/8/1990,F
8/23/1955,11/19/1999,M
9/13/1955,3/13/1998,M
10/19/1955,11/24/1987,M
11/15/1955,12/23/1977,M
11/18/1955,3/22/1997,F
12/14/1955,11/26/1995,M
2/3/1956,8/7/1999,M
2/12/1956,11/10/1973,M
2/22/1956,7/27/1962,F
2/24/1956,7/24/1968,F
2/25/1956,1/3/1971,F
3/4/1956,8/2/1961,F
3/8/1956,1/22/1979,M
3/9/1956,10/9/1980,M
3/15/1956,5/11/1977,F
4/13/1956,5/23/1973,M
4/18/1956,4/9/1990,F
4/21/1956,8/22/1981,F
4/24/1956,9/12/1976,M
4/25/1956,8/26/1999,F
5/17/1956,12/17/1966,F
5/21/1956,6/28/1964,F
5/26/1956,1/27/1974,F
6/9/1956,2/7/1984,M
6/23/1956,1/14/1957,F
7/18/1956,5/7/1963,F
7/25/1956,2/16/1985,F
8/2/1956,7/12/1983,M
8/11/1956,11/13/1963,M
8/13/1956,3/11/1958,F
8/30/1956,7/5/1980,F
9/8/1956,8/15/1979,M
9/10/1956,12/15/1967,M
9/12/1956,11/27/1961,M
9/12/1956,1/17/1975,F
9/27/1956,8/21/1986,M
10/4/1956,11/8/1997,M
10/8/1956,9/25/1978,M
10/9/1956,7/6/1987,M
10/26/1956,8/20/1999,F
11/17/1956,4/21/1960,M
11/20/1956,7/22/1993,F
11/22/1956,8/15/1988,F
12/24/1956,10/22/1996,F
1/14/1957,4/6/1987,M
2/7/1957,1/3/1984,M
2/7/1957,6/14/1988,M
2/26/1957,6/18/1974,F
3/9/1957,7/21/1961,F
3/10/1957,7/27/1990,M
3/25/1957,6/1/1958,M
3/28/1957,6/29/1988,F
4/9/1957,2/21/1959,M
4/23/1957,7/21/1979,M
4/25/1957,11/11/1978,F
5/2/1957,10/19/1960,M
5/2/1957,2/7/1975,F
6/8/1957,4/29/1969,M
6/12/1957,7/30/1967,F
6/14/1957,3/29/1997,M
7/6/1957,11/22/1966,M
7/7/1957,1/25/1969,F
7/15/1957,8/24/1959,F
8/7/1957,11/3/1983,M
9/23/1957,9/15/1980,F
9/28/1957,7/6/1994,M
10/18/1957,1/22/1970,M
12/22/1957,4/19/1974,M
1/20/1958,7/2/1971,M
1/29/1958,11/19/1970,M
2/20/1958,5/31/1959,F
4/8/1958,4/28/1958,F
4/13/1958,6/21/1977,F
5/15/1958,1/18/1989,M
6/23/1958,1/8/1988,F
6/26/1958,9/6/1978,M
7/8/1958,5/22/1962,M
7/8/1958,3/23/1982,M
7/23/1958,3/1/1970,M
7/25/1958,8/4/1976,F
8/10/1958,7/15/1970,M
8/12/1958,9/25/1985,F
8/23/1958,12/21/1979,F
8/26/1958,2/17/1970,F
9/9/1958,1/20/1966,M
9/12/1958,3/25/1983,F
9/24/1958,11/28/1958,F
10/8/1958,4/11/1985,M
10/27/1958,2/15/1997,F
10/28/1958,12/30/1972,M
11/25/1958,4/16/1995,F
11/26/1958,5/21/1961,M
12/15/1958,6/1/1994,M
1/13/1959,1/7/1973,F
1/13/1959,1/21/1982,M
1/14/1959,11/9/1996,F
1/26/1959,7/15/1988,M
2/20/1959,6/13/1992,F
3/20/1959,10/29/1989,F
4/3/1959,6/30/1985,F
4/10/1959,9/21/1970,M
4/22/1959,9/1/1984,F
5/16/1959,7/13/1974,F
5/21/1959,4/20/1973,M
5/27/1959,1/4/1997,F
6/1/1959,12/8/1974,F
6/2/1959,9/6/1983,F
6/5/1959,11/20/1998,F
6/6/1959,5/3/1990,M
6/18/1959,11/14/1983,M
6/20/1959,8/22/1975,F
6/20/1959,10/26/1993,M
7/6/1959,7/18/1971,M
7/15/1959,8/31/1992,M
7/22/1959,1/25/1980,M
8/6/1959,10/2/1966,M
8/9/1959,10/9/1965,F
8/11/1959,5/27/1966,F
8/11/1959,10/16/1974,F
8/20/1959,11/30/1986,F
9/2/1959,4/16/1993,F
9/13/1959,4/7/1974,F
9/13/1959,12/4/1993,M
9/29/1959,9/11/1998,M
10/8/1959,9/4/1997,F
10/20/1959,2/5/1994,M
1/17/1960,1/29/1961,F
1/17/1960,11/18/1976,M
1/25/1960,9/3/1985,F
2/16/1960,5/26/1993,F
2/25/1960,8/23/1988,M
3/4/1960,9/11/1965,M
3/5/1960,10/20/1969,M
3/6/1960,10/8/1991,M
3/8/1960,6/9/1984,M
3/13/1960,8/4/1964,M
4/15/1960,8/30/1985,F
5/10/1960,2/12/1992,M
5/30/1960,5/14/1983,M
6/4/1960,6/1/1980,M
7/1/1960,4/11/1984,M
8/7/1960,4/17/1971,F
8/21/1960,12/15/1985,M
8/23/1960,8/7/1975,M
9/7/1960,9/18/1988,M
9/16/1960,9/25/1975,M
9/29/1960,8/13/1987,F
10/17/1960,10/30/1973,M
10/24/1960,3/12/1970,F
10/27/1960,6/13/1966,M
10/29/1960,6/20/1972,M
11/4/1960,5/27/1982,F
11/14/1960,4/6/1992,F
11/16/1960,12/5/1996,F
11/28/1960,12/15/1988,F
12/26/1960,10/30/1967,M
12/28/1960,5/10/1985,M
1/14/1961,1/7/1978,M
1/14/1961,10/25/1986,F
2/3/1961,2/10/1983,M
2/11/1961,7/14/1974,M
2/13/1961,12/3/1970,M
3/5/1961,4/3/1967,M
3/13/1961,12/22/1996,M
4/8/1961,10/15/1987,F
4/11/1961,2/21/1976,F
5/16/1961,7/12/1969,F
5/16/1961,6/6/1998,M
5/20/1961,9/5/1967,F
5/20/1961,8/17/1992,M
5/22/1961,10/6/1976,F
6/1/1961,3/17/1997,F
6/23/1961,3/25/1987,M
6/27/1961,7/15/1995,F
7/8/1961,2/19/1985,M
7/17/1961,1/21/1992,M
7/25/1961,12/6/1967,F
7/28/1961,2/16/1962,M
8/11/1961,5/11/1982,F
9/13/1961,9/26/1962,F
9/18/1961,8/5/1990,F
9/23/1961,11/30/1974,M
9/26/1961,12/15/1986,F
10/5/1961,4/8/1993,M
10/7/1961,10/9/1983,F
10/10/1961,4/6/1968,M
10/25/1961,7/30/1968,F
11/11/1961,11/27/1987,M
11/14/1961,12/27/1972,F
11/20/1961,3/15/1968,F
11/22/1961,11/9/1977,F
12/18/1961,4/20/1963,F
12/18/1961,6/19/1988,M
1/17/1962,12/30/1976,M
1/23/1962,7/31/1979,F
1/24/1962,10/17/1973,M
2/16/1962,12/27/1980,F
2/16/1962,10/4/1983,F
2/22/1962,8/17/1976,M
3/9/1962,5/24/1968,F
3/15/1962,9/14/1974,M
3/27/1962,1/11/1985,M
4/15/1962,8/18/1999,F
4/16/1962,11/4/1964,F
4/24/1962,7/17/1989,F
5/26/1962,12/6/1968,M
6/13/1962,3/23/1985,M
6/21/1962,5/12/1986,M
6/27/1962,7/21/1988,F
7/18/1962,2/10/1994,F
7/25/1962,8/7/1965,F
8/14/1962,9/21/1990,F
8/22/1962,3/29/1981,F
9/14/1962,9/5/1998,M
10/21/1962,3/28/1986,F
10/29/1962,6/22/1967,F
11/23/1962,7/6/1979,F
12/18/1962,12/24/1992,M
12/21/1962,4/18/1979,F
1/21/1963,11/24/1971,M
2/12/1963,2/16/1985,F
2/18/1963,2/24/1978,F
2/19/1963,4/21/1966,M
2/21/1963,3/2/1994,F
2/25/1963,12/9/1992,M
4/9/1963,6/14/1992,M
4/13/1963,8/23/1982,M
5/19/1963,3/8/1973,M
6/8/1963,5/10/1989,F
6/19/1963,8/29/1974,M
6/22/1963,8/26/1992,F
7/5/1963,2/6/1972,F
7/11/1963,1/27/1988,M
7/27/1963,10/19/1991,M
8/9/1963,4/13/1984,F
8/9/1963,4/9/1996,M
8/10/1963,1/11/1977,M
8/23/1963,7/9/1993,F
9/5/1963,3/21/1977,F
9/11/1963,2/28/1970,F
9/21/1963,8/20/1989,M
10/21/1963,4/19/1993,M
11/2/1963,9/7/1973,M
11/2/1963,6/19/1999,M
11/26/1963,5/7/1966,F
12/15/1963,9/19/1970,M
12/15/1963,10/4/1982,M
2/12/1964,1/22/1989,F
2/16/1964,8/24/1983,F
2/20/1964,2/25/1984,M
2/24/1964,9/18/1987,F
3/1/1964,11/27/1974,F
3/27/1964,10/16/1965,M
4/2/1964,9/1/1967,F
4/12/1964,5/14/1996,M
4/16/1964,4/20/1986,F
4/20/1964,7/2/1978,F
4/28/1964,2/22/1973,F
5/5/1964,4/28/1984,F
5/26/1964,5/18/1979,F
6/1/1964,11/13/1996,M
6/11/1964,1/6/1972,M
7/2/1964,8/30/1989,M
7/4/1964,7/25/1990,M
7/8/1964,9/24/1998,F
7/9/1964,7/17/1975,M
8/3/1964,5/5/1976,F
9/26/1964,4/1/1979,M
9/30/1964,10/15/1981,M
10/9/1964,5/14/1995,M
10/10/1964,11/17/1981,F
11/12/1964,11/4/1976,F
11/19/1964,1/3/1998,F
12/21/1964,3/4/1970,M
12/21/1964,10/12/1982,M
1/5/1965,8/9/1977,F
1/30/1965,3/15/1967,F
2/2/1965,7/2/1982,M
2/9/1965,10/27/1968,M
3/2/1965,5/6/1975,M
3/30/1965,1/14/1968,F
4/9/1965,7/14/1969,F
4/22/1965,4/12/1976,M
5/26/1965,5/11/1995,M
6/1/1965,4/30/1984,M
6/7/1965,2/22/1973,F
6/19/1965,10/22/1984,M
6/29/1965,7/22/1991,M
7/8/1965,11/9/1965,F
7/10/1965,6/28/1981,F
7/17/1965,5/17/1976,M
7/30/1965,1/19/1987,F
8/12/1965,5/5/1994,M
8/20/1965,10/14/1998,F
8/23/1965,12/4/1998,M
9/17/1965,1/24/1992,M
10/28/1965,1/1/1986,F
11/19/1965,8/26/1973,M
12/4/1965,2/10/1981,F
12/13/1965,6/28/1984,F
1/3/1966,11/11/1974,M
1/4/1966,6/3/1985,M
1/11/1966,4/25/1980,M
1/30/1966,4/19/1983,F
2/11/1966,7/21/1977,M
2/16/1966,2/12/1998,F
2/17/1966,12/11/1986,F
3/14/1966,1/12/1989,M
3/19/1966,2/6/1997,F
5/11/1966,3/7/1973,M
5/27/1966,4/21/1998,F
7/15/1966,3/21/1995,M
8/23/1966,8/7/1990,M
8/25/1966,8/29/1997,M
9/2/1966,6/9/1991,M
9/8/1966,12/8/1975,F
10/21/1966,12/16/1996,M
12/10/1966,1/6/1982,F
12/25/1966,5/6/1975,M
1/5/1967,1/25/1970,M
1/8/1967,3/19/1967,M
1/18/1967,5/17/1982,F
2/3/1967,9/23/1997,M
2/19/1967,9/22/1986,F
3/14/1967,1/9/1978,M
4/16/1967,11/18/1985,F
4/26/1967,10/29/1970,M
5/2/1967,8/3/1977,F
5/3/1967,4/19/1980,M
5/9/1967,6/27/1988,F
5/13/1967,9/19/1984,F
5/16/1967,9/12/1978,F
5/26/1967,6/30/1997,F
6/6/1967,7/19/1970,M
6/12/1967,2/23/1984,F
6/16/1967,2/2/1968,F
7/4/1967,8/17/1976,F
7/5/1967,2/14/1975,M
7/9/1967,12/18/1986,M
7/22/1967,2/6/1999,F
7/28/1967,2/1/1999,F
8/26/1967,3/25/1996,M
9/8/1967,8/28/1994,F
9/11/1967,9/11/1983,M
9/21/1967,7/29/1975,M
9/22/1967,6/30/1999,M
9/23/1967,10/3/1978,F
9/26/1967,12/11/1980,F
10/12/1967,11/12/1973,M
10/14/1967,9/25/1987,M
10/19/1967,3/15/1983,M
10/28/1967,8/12/1969,F
12/13/1967,7/4/1993,F
12/14/1967,9/21/1989,M
12/27/1967,7/20/1969,F
12/28/1967,4/30/1968,M
1/17/1968,7/4/1997,M
1/29/1968,7/7/1980,M
2/15/1968,5/13/1996,F
2/23/1968,10/10/1973,M
2/24/1968,7/14/1984,F
3/12/1968,1/18/1973,F
4/8/1968,6/16/1988,F
7/6/1968,1/10/1974,M
7/17/1968,3/20/1984,M
7/23/1968,8/29/1977,F
7/25/1968,10/30/1972,F
8/26/1968,8/30/1991,F
9/1/1968,10/8/1969,F
9/10/1968,4/22/1998,F
9/22/1968,7/20/1981,M
10/6/1968,9/1/1997,M
11/8/1968,9/8/1993,F
11/28/1968,4/8/1995,F
12/2/1968,8/18/1981,M
1/28/1969,10/22/1976,M
3/12/1969,12/29/1993,M
3/13/1969,6/9/1998,M
4/16/1969,1/28/1992,M
4/20/1969,1/24/1989,M
5/11/1969,8/5/1986,F
5/21/1969,6/26/1974,M
5/24/1969,1/18/1979,F
6/15/1969,11/22/1995,M
7/7/1969,4/1/1990,F
7/10/1969,2/3/1993,F
7/17/1969,5/1/1982,M
7/30/1969,8/28/1986,F
8/3/1969,6/15/1977,M
9/5/1969,3/29/1997,F
10/1/1969,3/14/1989,M
10/7/1969,10/14/1973,M
10/24/1969,2/4/1985,M
10/25/1969,3/14/1982,M
10/28/1969,6/20/1976,F
1/7/1970,10/9/1991,F
1/23/1970,12/7/1986,M
1/24/1970,5/29/1983,M
2/10/1970,3/30/1975,F
2/27/1970,3/30/1994,F
3/2/1970,2/5/1996,F
3/19/1970,5/5/1974,M
4/7/1970,12/30/1983,M
6/2/1970,9/1/1974,F
7/4/1970,9/12/1983,M
8/27/1970,9/7/1996,F
9/26/1970,5/9/1975,F
10/17/1970,10/22/1983,M
10/21/1970,1/13/1971,M
10/28/1970,1/2/1971,F
10/29/1970,1/1/1993,M
11/13/1970,8/6/1995,M
11/13/1970,8/27/1998,F
11/16/1970,5/24/1993,M
12/10/1970,2/24/1993,F
1/9/1971,8/25/1996,F
1/21/1971,7/2/1971,M
1/25/1971,8/28/1976,F
2/7/1971,4/25/1980,M
3/27/1971,9/17/1999,F
4/8/1971,11/1/1979,F
4/13/1971,7/31/1984,F
5/9/1971,6/29/1991,F
5/9/1971,6/28/1998,M
5/21/1971,7/18/1977,M
5/27/1971,5/15/1974,M
5/30/1971,7/12/1986,M
5/30/1971,1/1/1991,M
6/3/1971,8/1/1999,M
6/5/1971,11/15/1998,M
6/7/1971,10/23/1975,M
7/13/1971,10/29/1973,M
8/10/1971,10/14/1989,F
8/26/1971,9/28/1978,M
9/2/1971,6/19/1978,F
11/1/1971,9/12/1995,M
12/2/1971,12/20/1990,M
12/17/1971,9/29/1986,M
12/21/1971,1/26/1990,F
12/27/1971,5/25/1990,F
1/29/1972,7/13/1991,F
2/5/1972,10/9/1984,F
3/21/1972,6/11/1994,F
4/3/1972,11/4/1986,M
4/20/1972,1/28/1989,M
5/16/1972,5/12/1989,M
6/18/1972,11/30/1990,F
7/2/1972,7/21/1987,M
7/15/1972,10/25/1980,M
7/16/1972,7/5/1988,F
8/16/1972,9/27/1981,F
9/18/1972,4/26/1980,F
10/8/1972,1/26/1990,F
10/18/1972,4/4/1995,M
11/8/1972,4/2/1997,M
11/10/1972,8/20/1991,M
11/14/1972,11/10/1976,M
11/26/1972,11/13/1975,F
12/18/1972,11/25/1994,M
1/16/1973,5/19/1981,F
4/14/1973,2/24/1984,F
4/19/1973,7/9/1975,F
5/5/1973,5/9/1983,M
5/28/1973,5/17/1981,F
5/29/1973,10/20/1988,F
6/20/1973,12/27/1979,M
7/22/1973,10/22/1981,M
8/13/1973,2/5/1991,M
10/15/1973,11/21/1998,M
11/1/1973,9/12/1985,F
11/25/1973,2/19/1995,M
2/4/1974,7/13/1975,M
2/21/1974,7/10/1984,F
2/22/1974,12/12/1990,F
2/24/1974,7/15/1981,M
2/28/1974,10/21/1996,M
4/14/1974,9/9/1998,F
4/26/1974,3/23/1999,F
4/29/1974,1/12/1982,F
6/13/1974,8/31/1982,F
8/9/1974,2/27/1978,F
9/17/1974,5/29/1985,F
9/17/1974,11/8/1991,M
9/20/1974,6/18/1990,M
10/1/1974,10/10/1986,M
11/28/1974,4/20/1984,M
12/22/1974,3/1/1989,M
1/4/1975,5/29/1980,F
1/30/1975,2/27/1994,F
4/14/1975,7/27/1979,F
5/5/1975,5/31/1976,F
7/15/1975,5/13/1993,M
7/18/1975,11/1/1988,F
7/23/1975,10/2/1978,F
7/29/1975,11/9/1987,F
8/2/1975,11/18/1979,F
8/2/1975,8/23/1984,M
8/12/1975,4/10/1992,F
9/13/1975,11/22/1990,M
9/27/1975,10/9/1980,M
10/24/1975,2/27/1984,F
11/13/1975,10/9/1984,F
11/13/1975,1/5/1987,M
11/18/1975,3/6/1997,F
12/16/1975,11/1/1978,M
12/17/1975,9/9/1997,F
12/19/1975,11/23/1989,M
12/25/1975,5/28/1978,M
12/28/1975,12/29/1987,F
1/12/1976,3/12/1996,F
3/29/1976,7/23/1987,M
4/21/1976,12/14/1994,M
4/29/1976,10/14/1979,M
5/8/1976,12/26/1981,F
6/21/1976,8/31/1978,F
8/25/1976,2/3/1994,F
9/28/1976,3/28/1986,F
10/6/1976,4/7/1988,M
10/9/1976,6/18/1989,M
10/18/1976,1/26/1984,F
12/16/1976,1/18/1998,M
1/9/1977,12/15/1985,F
2/22/1977,3/11/1995,M
3/20/1977,4/14/1981,F
4/30/1977,9/22/1999,F
7/18/1977,11/19/1977,F
8/5/1977,2/25/1995,M
8/9/1977,8/19/1994,F
8/12/1977,2/25/1989,M
10/18/1977,6/12/1989,M
10/19/1977,2/4/1997,F
11/22/1977,11/26/1990,F
12/3/1977,5/12/1985,F
1/8/1978,7/7/1984,F
1/14/1978,1/12/1985,F
2/2/1978,6/19/1993,F
4/1/1978,11/11/1983,F
4/11/1978,7/7/1996,M
4/12/1978,12/17/1988,F
4/14/1978,8/13/1989,F
5/24/1978,9/25/1983,M
6/29/1978,8/15/1999,M
7/28/1978,9/1/1984,F
9/1/1978,8/9/1985,F
9/22/1978,9/12/1995,F
11/2/1978,8/26/1990,M
11/4/1978,7/22/1999,M
11/27/1978,6/6/1994,M
12/6/1978,12/28/1994,M
12/22/1978,3/27/1979,F
12/28/1978,3/22/1994,M
1/18/1979,12/24/1984,M
1/23/1979,6/16/1979,F
2/11/1979,11/1/1986,F
5/14/1979,10/17/1988,F
6/3/1979,5/21/1997,F
6/26/1979,11/21/1993,F
7/22/1979,11/6/1992,M
7/27/1979,5/20/1991,M
8/6/1979,2/21/1993,M
8/7/1979,2/21/1995,F
8/13/1979,4/8/1991,F
10/10/1979,1/3/1984,M
10/13/1979,3/3/1988,M
10/23/1979,1/10/1994,F
11/2/1979,12/29/1983,M
12/5/1979,9/24/1984,M
1/8/1980,12/26/1990,F
1/22/1980,12/14/1982,M
1/27/1980,3/27/1987,F
2/22/1980,5/16/1980,M
2/23/1980,3/27/1998,M
2/24/1980,5/18/1996,M
3/23/1980,8/8/1988,F
4/8/1980,11/17/1980,M
4/15/1980,8/25/1990,M
5/6/1980,6/2/1997,F
6/5/1980,8/23/1981,M
7/20/1980,7/26/1987,M
7/23/1980,1/1/1992,M
8/13/1980,9/9/1980,F
10/4/1980,7/30/1999,F
10/15/1980,7/31/1996,F
1/15/1981,8/28/1982,M
1/16/1981,10/4/1985,F
1/17/1981,3/16/1995,M
2/18/1981,11/19/1999,M
3/8/1981,6/7/1995,M
3/18/1981,5/3/1995,F
7/28/1981,5/15/1994,M
8/12/1981,12/18/1981,M
9/18/1981,4/9/1990,M
10/2/1981,6/9/1987,M
10/26/1981,11/24/1996,F
11/4/1981,1/31/1993,M
12/2/1981,11/17/1986,M
12/7/1981,5/26/1982,F
12/19/1981,8/15/1985,M
12/23/1981,11/10/1990,M
1/6/1982,12/4/1998,M
1/29/1982,6/6/1994,M
2/3/1982,6/30/1992,M
2/23/1982,6/9/1999,M
3/21/1982,7/29/1986,M
4/9/1982,5/12/1989,F
5/13/1982,6/9/1989,M
7/7/1982,2/25/1996,M
8/27/1982,12/10/1994,F
9/19/1982,4/24/1988,M
12/21/1982,9/9/1998,F
2/3/1983,7/16/1989,M
5/19/1983,4/2/1999,F
5/23/1983,9/4/1992,F
7/1/1983,12/19/1991,F
7/25/1983,12/13/1990,M
8/26/1983,12/7/1994,M
9/13/1983,12/1/1997,F
9/14/1983,6/22/1997,F
10/10/1983,7/16/1995,F
12/8/1983,8/6/1990,M
12/25/1983,2/24/1991,M
1/5/1984,5/8/1998,M
2/23/1984,12/3/1986,F
6/24/1984,1/24/1986,F
7/10/1984,3/6/1996,F
7/26/1984,1/18/1994,M
9/8/1984,2/3/1999,F
11/2/1984,10/21/1995,M
11/20/1984,12/13/1984,M
11/24/1984,9/25/1989,M
1/25/1985,5/30/1998,F
1/27/1985,11/28/1993,F
1/29/1985,4/20/1997,M
3/26/1985,12/7/1987,M
4/9/1985,8/3/1990,F
9/8/1985,11/25/1994,F
11/6/1985,10/17/1989,M
2/3/1986,6/14/1990,F
2/7/1986,1/31/1987,F
2/22/1986,1/19/1990,F
4/26/1986,11/21/1998,M
5/6/1986,6/3/1997,F
6/16/1986,1/27/1999,F
8/1/1986,2/8/1993,M
8/3/1986,5/25/1995,F
11/10/1986,11/5/1990,M
12/14/1986,8/18/1990,M
1/15/1987,3/28/1990,M
1/30/1987,8/22/1989,M
2/23/1987,9/20/1993,M
3/8/1987,3/30/1993,F
4/14/1987,6/25/1992,F
4/23/1987,1/1/1997,F
8/1/1987,7/22/1994,F
9/18/1987,3/22/1993,M
9/28/1987,6/30/1998,F
12/13/1987,6/15/1991,F
1/22/1988,3/25/1989,F
1/26/1988,5/30/1994,M
2/27/1988,11/11/1995,M
4/15/1988,2/4/1991,M
5/15/1988,11/7/1998,M
12/4/1988,2/15/1992,M
1/10/1989,7/18/1992,F
1/19/1989,8/30/1995,M
4/5/1989,5/17/1998,F
4/20/1989,1/20/1993,M
5/3/1989,10/2/1992,F
5/12/1989,8/23/1993,M
6/12/1989,2/25/1992,M
7/21/1989,12/31/1998,M
10/21/1989,6/13/1990,M
11/3/1989,2/22/1993,M
11/29/1989,2/29/1992,M
2/9/1990,1/8/1992,F
5/8/1990,6/18/1999,F
7/11/1990,5/14/1996,M
8/22/1990,4/23/1996,M
10/6/1990,11/14/1997,F
10/17/1990,11/18/1995,M
10/27/1990,9/19/1991,M
3/6/1991,1/31/1998,M
3/14/1991,11/3/1992,M
3/15/1991,8/28/1997,M
4/3/1991,1/5/1999,F
11/20/1991,2/6/1995,M
8/2/1992,4/18/1994,M
9/22/1992,7/22/1995,M
12/30/1992,7/2/1996,M
1/18/1993,12/14/1998,F
2/9/1993,6/28/1995,M
4/19/1993,12/21/1996,F
8/6/1993,5/25/1999,M
10/22/1993,7/11/1998,F
11/13/1993,1/9/1996,F
1/8/1994,1/23/1997,M
5/15/1994,2/8/1997,F
5/29/1994,10/29/1999,F
9/8/1994,12/6/1999,F
9/29/1994,10/13/1996,M
10/7/1994,3/8/1996,M
3/4/1995,8/31/1999,F
8/26/1995,11/30/1999,M
12/4/1995,8/9/1997,F
2/9/1996,6/3/1997,F
5/30/1996,11/27/1998,M
12/1/1996,8/11/1999,M
5/1/1997,10/24/1999,F
